soil_moisture_pct,soil_temp_c,air_temp_c,humidity_pct,rain_detected,moisture_condition,fuzzy_very_dry,fuzzy_semi_dry,fuzzy_moist,fuzzy_wet,snn_pred_class,snn_pred_label,snn_confidence,conf_threshold,snn_logits,snn_softmax,override_applied,pump_status,pca_first5,pca_var_first5,t_read_ms,t_preproc_ms,t_infer_ms,t_cycle_ms,model_hash8,scaler_hash8,fuzzy_hash8,pca_hash8,h1,lr,gt_needed,correct,cum_n,cum_acc,cum_prec,cum_rec,cum_f1
52.7,20,20.4,51,No,Moist,0.0048,0.2087,0.974,0.0241,1,ON,0.9952,0.65,"[-2.9074370861053467, 2.418004274368286]","[0.0048426371067762375, 0.9951573014259338]",TRUE,OFF,"[-1.231435, -0.557424, -0.431454, 0.819842, -0.16247]","[0.134816, 0.134078, 0.090157, 0.070748, 0.056924]",1075.16,1.81,12.45,1091.5,cdc32a4d,8744b7f3,030c9f04,2c93f763,69,0.001,,,,,,,
45.95,20,22.6,58.7,No,Moist,0.0345,0.5493,0.6637,0.003,1,ON,0.9287,0.65,"[-1.567704677581787, 0.9989981651306152]","[0.07131236046552658, 0.9286876320838928]",TRUE,OFF,"[-1.007903, -0.264906, -0.170206, 0.998835, 0.066965]","[0.134816, 0.134078, 0.090157, 0.070748, 0.056924]",1083.37,1.68,7.69,1095.48,cdc32a4d,8744b7f3,030c9f04,2c93f763,69,0.001,,,,,,,
52.7,20,22.6,58.5,No,Moist,0.0048,0.2087,0.974,0.0241,1,ON,0.9933,0.65,"[-2.7699029445648193, 2.2281992435455322]","[0.006705479696393013, 0.9932945370674133]",TRUE,OFF,"[-0.983614, -0.530971, -0.442004, 0.815877, 0.05546]","[0.134816, 0.134078, 0.090157, 0.070748, 0.056924]",1091.36,1.54,14.31,1109.75,cdc32a4d,8744b7f3,030c9f04,2c93f763,69,0.001,,,,,,,
56.76,20,22.6,58.6,No,Moist,0.0012,0.0938,0.9847,0.0671,1,ON,0.9975,0.65,"[-3.2220258712768555, 2.752661943435669]","[0.002535849343985319, 0.9974641799926758]",TRUE,OFF,"[-0.972281, -0.654443, -0.574842, 0.664758, 0.05322]","[0.134816, 0.134078, 0.090157, 0.070748, 0.056924]",1085.38,1.66,9.84,1099.15,cdc32a4d,8744b7f3,030c9f04,2c93f763,69,0.001,,,,,,,
52.7,20.06,22.6,58.9,No,Moist,0.0048,0.2087,0.974,0.0241,1,ON,0.9955,0.65,"[-2.9554874897003174, 2.4402575492858887]","[0.004515357781201601, 0.9954847097396851]",TRUE,OFF,"[-0.982545, -0.53748, -0.437273, 0.819632, 0.065404]","[0.134816, 0.134078, 0.090157, 0.070748, 0.056924]",1089.74,1.5,7.57,1101.25,cdc32a4d,8744b7f3,030c9f04,2c93f763,69,0.001,,,,,,,
52.7,20.06,22.6,58.8,No,Moist,0.0048,0.2087,0.974,0.0241,1,ON,0.9955,0.65,"[-2.9554874897003174, 2.4402575492858887]","[0.004515357781201601, 0.9954847097396851]",TRUE,OFF,"[-0.982593, -0.537506, -0.437195, 0.819679, 0.062938]","[0.134816, 0.134078, 0.090157, 0.070748, 0.056924]",1092.17,1.5,7.5,1103.5,cdc32a4d,8744b7f3,030c9f04,2c93f763,69,0.001,,,,,,,
51.35,20.06,22.7,58.9,No,Moist,0.0073,0.2627,0.9356,0.0165,1,ON,0.9711,0.65,"[-2.070908546447754, 1.4443950653076172]","[0.028879918158054352, 0.9711200594902039]",TRUE,OFF,"[-0.97759, -0.488783, -0.385124, 0.869924, 0.066959]","[0.134816, 0.134078, 0.090157, 0.070748, 0.056924]",1092.27,1.49,7.66,1103.91,cdc32a4d,8744b7f3,030c9f04,2c93f763,69,0.001,,,,,,,
56.76,20.06,22.7,58.9,No,Moist,0.0012,0.0938,0.9847,0.0671,1,ON,0.9996,0.65,"[-4.15718412399292, 3.7522411346435547]","[0.00036713076406158507, 0.9996328353881836]",TRUE,OFF,"[-0.962004, -0.659612, -0.570108, 0.668194, 0.060452]","[0.134816, 0.134078, 0.090157, 0.070748, 0.056924]",1094.74,1.51,7.56,1106.37,cdc32a4d,8744b7f3,030c9f04,2c93f763,69,0.001,,,,,,,
52.7,20,22.7,58.9,No,Moist,0.0048,0.2087,0.974,0.0241,1,ON,0.994,0.65,"[-2.8260738849639893, 2.281010389328003]","[0.006017281673848629, 0.99398273229599]",TRUE,OFF,"[-0.974111, -0.52995, -0.442404, 0.815683, 0.065675]","[0.134816, 0.134078, 0.090157, 0.070748, 0.056924]",1089.17,1.48,7.49,1100.45,cdc32a4d,8744b7f3,030c9f04,2c93f763,69,0.001,,,,,,,
56.76,20.06,22.7,58.9,No,Moist,0.0012,0.0938,0.9847,0.0671,1,ON,0.9996,0.65,"[-4.15718412399292, 3.7522411346435547]","[0.00036713076406158507, 0.9996328353881836]",TRUE,OFF,"[-0.962004, -0.659612, -0.570108, 0.668194, 0.060452]","[0.134816, 0.134078, 0.090157, 0.070748, 0.056924]",1092.26,1.46,7.58,1103.61,cdc32a4d,8744b7f3,030c9f04,2c93f763,69,0.001,,,,,,,
55.41,20.06,22.7,59,No,Moist,0.0019,0.1247,0.9992,0.0486,1,ON,0.9988,0.65,"[-3.628645181655884, 3.1349353790283203]","[0.0011537534883245826, 0.998846173286438]",TRUE,OFF,"[-0.965368, -0.622431, -0.531353, 0.716353, 0.064453]","[0.134816, 0.134078, 0.090157, 0.070748, 0.056924]",3332.38,1.45,16.4,3352.4,cdc32a4d,8744b7f3,030c9f04,2c93f763,69,0.001,,,,,,,
52.7,20.06,22.7,59,No,Moist,0.0048,0.2087,0.974,0.0241,1,ON,0.994,0.65,"[-2.8260738849639893, 2.281010389328003]","[0.006017281673848629, 0.99398273229599]",TRUE,OFF,"[-0.973194, -0.536544, -0.437422, 0.819589, 0.067754]","[0.134816, 0.134078, 0.090157, 0.070748, 0.056924]",1083.72,1.47,14.01,1101.57,cdc32a4d,8744b7f3,030c9f04,2c93f763,69,0.001,,,,,,,
55.41,20.06,22.7,59.1,No,Moist,0.0019,0.1247,0.9992,0.0486,1,ON,0.9998,0.65,"[-4.563803195953369, 4.134514331817627]","[0.00016683846479281783, 0.9998331069946289]",TRUE,OFF,"[-0.965324, -0.622406, -0.531427, 0.716308, 0.066777]","[0.134816, 0.134078, 0.090157, 0.070748, 0.056924]",1086.17,1.56,15.42,1105.65,cdc32a4d,8744b7f3,030c9f04,2c93f763,69,0.001,,,,,,,
52.7,20.06,22.7,59,No,Moist,0.0048,0.2087,0.974,0.0241,1,ON,0.994,0.65,"[-2.8260738849639893, 2.281010389328003]","[0.006017281673848629, 0.99398273229599]",TRUE,OFF,"[-0.973194, -0.536544, -0.437422, 0.819589, 0.067754]","[0.134816, 0.134078, 0.090157, 0.070748, 0.056924]",1083.39,1.45,7.61,1094.71,cdc32a4d,8744b7f3,030c9f04,2c93f763,69,0.001,,,,,,,
55.41,20.06,22.7,59.2,No,Moist,0.0019,0.1247,0.9992,0.0486,1,ON,0.9998,0.65,"[-4.563803195953369, 4.134514331817627]","[0.00016683846479281783, 0.9998331069946289]",TRUE,OFF,"[-0.96528, -0.622382, -0.531498, 0.716265, 0.069025]","[0.134816, 0.134078, 0.090157, 0.070748, 0.056924]",1092.32,1.5,7.53,1103.68,cdc32a4d,8744b7f3,030c9f04,2c93f763,69,0.001,,,,,,,
52.7,20.12,22.8,59.4,No,Moist,0.0048,0.2087,0.974,0.0241,1,ON,0.9973,0.65,"[-3.2434797286987305, 2.652768850326538]","[0.002742200158536434, 0.9972578883171082]",TRUE,OFF,"[-0.96315, -0.542264, -0.432628, 0.823384, 0.076221]","[0.134816, 0.134078, 0.090157, 0.070748, 0.056924]",1092.28,1.5,7.52,1103.61,cdc32a4d,8744b7f3,030c9f04,2c93f763,69,0.001,,,,,,,
52.7,20.12,22.7,59.4,No,Moist,0.0048,0.2087,0.974,0.0241,1,ON,0.9973,0.65,"[-3.2434797286987305, 2.652768850326538]","[0.002742200158536434, 0.9972578883171082]",TRUE,OFF,"[-0.972137, -0.543144, -0.432558, 0.823381, 0.076266]","[0.134816, 0.134078, 0.090157, 0.070748, 0.056924]",1092.36,1.47,7.78,1103.86,cdc32a4d,8744b7f3,030c9f04,2c93f763,69,0.001,,,,,,,
70.27,20.12,22.7,59.3,No,Wet,0,0.002,0.3116,0.6229,1,ON,0.6905,0.65,"[-0.5036956667900085, 0.2985438108444214]","[0.30954664945602417, 0.690453290939331]",TRUE,OFF,"[-0.947508, -0.793191, -0.578376, 0.444637, 0.057924]","[0.134816, 0.134078, 0.090157, 0.070748, 0.056924]",1091.96,1.51,7.59,1103.68,cdc32a4d,8744b7f3,030c9f04,2c93f763,69,0.001,,,,,,,
52.7,20.12,22.7,59.3,No,Moist,0.0048,0.2087,0.974,0.0241,1,ON,0.9973,0.65,"[-3.2434797286987305, 2.652768850326538]","[0.002742200158536434, 0.9972578883171082]",TRUE,OFF,"[-0.972178, -0.543166, -0.432492, 0.823421, 0.074175]","[0.134816, 0.134078, 0.090157, 0.070748, 0.056924]",1092.02,1.53,7.59,1103.37,cdc32a4d,8744b7f3,030c9f04,2c93f763,69,0.001,,,,,,,
52.7,20.12,22.8,59.4,No,Moist,0.0048,0.2087,0.974,0.0241,1,ON,0.9973,0.65,"[-3.2434797286987305, 2.652768850326538]","[0.002742200158536434, 0.9972578883171082]",TRUE,OFF,"[-0.96315, -0.542264, -0.432628, 0.823384, 0.076221]","[0.134816, 0.134078, 0.090157, 0.070748, 0.056924]",1092.16,1.56,7.6,1104.04,cdc32a4d,8744b7f3,030c9f04,2c93f763,69,0.001,,,,,,,
51.35,20.12,22.8,59.4,Yes,Wet,0.0073,0.2627,0.9356,0.0165,1,ON,0.987,0.65,"[-2.2524139881134033, 2.0783469676971436]","[0.01298666000366211, 0.9870133996009827]",TRUE,OFF,"[-0.973844, -0.495983, -0.380698, 0.874035, 0.051276]","[0.134816, 0.134078, 0.090157, 0.070748, 0.056924]",1091.81,1.49,7.51,1103.18,cdc32a4d,8744b7f3,030c9f04,2c93f763,69,0.001,,,,,,,
48.65,20.12,22.8,59.4,Yes,Wet,0.0165,0.394,0.8173,0.0073,1,ON,0.985,0.65,"[-2.1972763538360596, 1.989373803138733]","[0.01496961060911417, 0.9850303530693054]",TRUE,OFF,"[-0.983309, -0.392446, -0.271742, 0.958736, 0.054076]","[0.134816, 0.134078, 0.090157, 0.070748, 0.056924]",1092.28,1.49,7.56,1103.82,cdc32a4d,8744b7f3,030c9f04,2c93f763,69,0.001,,,,,,,
48.65,20.12,22.8,59.3,Yes,Wet,0.0165,0.394,0.8173,0.0073,1,ON,0.985,0.65,"[-2.1972763538360596, 1.989373803138733]","[0.01496961060911417, 0.9850303530693054]",TRUE,OFF,"[-0.983405, -0.392475, -0.271672, 0.958776, 0.051985]","[0.134816, 0.134078, 0.090157, 0.070748, 0.056924]",1091.95,1.45,13.77,1109.15,cdc32a4d,8744b7f3,030c9f04,2c93f763,69,0.001,,,,,,,
48.65,20.12,22.8,59.3,Yes,Wet,0.0165,0.394,0.8173,0.0073,1,ON,0.985,0.65,"[-2.1972763538360596, 1.989373803138733]","[0.01496961060911417, 0.9850303530693054]",TRUE,OFF,"[-0.983405, -0.392475, -0.271672, 0.958776, 0.051985]","[0.134816, 0.134078, 0.090157, 0.070748, 0.056924]",1086.68,1.49,14.57,1105.29,cdc32a4d,8744b7f3,030c9f04,2c93f763,69,0.001,,,,,,,
51.35,20.12,22.8,59.2,Yes,Wet,0.0073,0.2627,0.9356,0.0165,1,ON,0.996,0.65,"[-2.859196901321411, 2.660325765609741]","[0.003991762176156044, 0.9960081577301025]",TRUE,OFF,"[-0.974037, -0.496043, -0.380557, 0.874118, 0.047015]","[0.134816, 0.134078, 0.090157, 0.070748, 0.056924]",1084.79,1.45,7.58,1096.11,cdc32a4d,8744b7f3,030c9f04,2c93f763,69,0.001,,,,,,,
52.7,20.19,22.8,59.3,Yes,Wet,0.0048,0.2087,0.974,0.0241,1,ON,0.9813,0.65,"[-2.082799196243286, 1.876638412475586]","[0.018716836348176003, 0.9812831878662109]",TRUE,OFF,"[-0.968728, -0.55024, -0.427788, 0.827565, 0.047269]","[0.134816, 0.134078, 0.090157, 0.070748, 0.056924]",1092.38,1.5,7.55,1103.84,cdc32a4d,8744b7f3,030c9f04,2c93f763,69,0.001,,,,,,,
48.65,20.19,22.8,59.3,Yes,Wet,0.0165,0.394,0.8173,0.0073,1,ON,0.985,0.65,"[-2.1972763538360596, 1.989373803138733]","[0.01496961060911417, 0.9850303530693054]",TRUE,OFF,"[-0.982504, -0.399314, -0.266604, 0.962741, 0.051673]","[0.134816, 0.134078, 0.090157, 0.070748, 0.056924]",1092.17,1.49,7.62,1103.95,cdc32a4d,8744b7f3,030c9f04,2c93f763,69,0.001,,,,,,,
51.35,20.19,22.8,59.4,Yes,Wet,0.0073,0.2627,0.9356,0.0165,1,ON,0.9955,0.65,"[-2.7992331981658936, 2.6093533039093018]","[0.004458002280443907, 0.9955419898033142]",TRUE,OFF,"[-0.972959, -0.502657, -0.375632, 0.87795, 0.050963]","[0.134816, 0.134078, 0.090157, 0.070748, 0.056924]",1091.81,1.45,9.4,1104.53,cdc32a4d,8744b7f3,030c9f04,2c93f763,69,0.001,,,,,,,
48.65,20.19,22.8,59.5,Yes,Wet,0.0165,0.394,0.8173,0.0073,1,ON,0.985,0.65,"[-2.1972763538360596, 1.989373803138733]","[0.01496961060911417, 0.9850303530693054]",TRUE,OFF,"[-0.982312, -0.399256, -0.266741, 0.962662, 0.055773]","[0.134816, 0.134078, 0.090157, 0.070748, 0.056924]",1090.91,1.48,7.49,1102.24,cdc32a4d,8744b7f3,030c9f04,2c93f763,69,0.001,,,,,,,
51.35,20.19,22.8,59.5,Yes,Wet,0.0073,0.2627,0.9356,0.0165,1,ON,0.9955,0.65,"[-2.7992331981658936, 2.6093533039093018]","[0.004458002280443907, 0.9955419898033142]",TRUE,OFF,"[-0.972863, -0.502628, -0.375699, 0.877911, 0.052972]","[0.134816, 0.134078, 0.090157, 0.070748, 0.056924]",1094.99,1.44,11.92,1111.01,cdc32a4d,8744b7f3,030c9f04,2c93f763,69,0.001,,,,,,,
45.95,20.19,22.8,59.5,No,Moist,0.0345,0.5493,0.6637,0.003,1,ON,0.8973,0.65,"[-1.3744500875473022, 0.7928445339202881]","[0.10272613912820816, 0.89727383852005]",TRUE,OFF,"[-0.986525, -0.283817, -0.155659, 1.010401, 0.08417]","[0.134816, 0.134078, 0.090157, 0.070748, 0.056924]",1084.99,1.5,7.49,1096.22,cdc32a4d,8744b7f3,030c9f04,2c93f763,69,0.001,,,,,,,
36.49,20.19,22.8,59.4,No,Semi Dry,0.2569,0.989,0.1802,0.0001,1,ON,0.939,0.65,"[-1.6442971229553223, 1.0898841619491577]","[0.060986269265413284, 0.9390137791633606]",FALSE,ON,"[-1.03, 0.182701, 0.216238, 0.831596, 0.078091]","[0.134816, 0.134078, 0.090157, 0.070748, 0.056924]",1092.32,1.47,7.48,1103.58,cdc32a4d,8744b7f3,030c9f04,2c93f763,69,0.001,,,,,,,
6.76,19.38,22.8,59.5,No,Very Dry,0.4161,0.0185,0,0,1,ON,0.9997,0.65,"[-4.270749568939209, 3.893742322921753]","[0.00028450030367821455, 0.9997155070304871]",FALSE,ON,"[-1.067366, 0.52905, -0.028465, 0.03562, 0.061851]","[0.134816, 0.134078, 0.090157, 0.070748, 0.056924]",1094.79,1.48,7.47,1106.3,cdc32a4d,8744b7f3,030c9f04,2c93f763,69,0.001,,,,,,,
21.62,19.19,22.8,59.5,No,Very Dry,0.9869,0.4086,0.0038,0,1,ON,0.9995,0.65,"[-3.976057291030884, 3.6291534900665283]","[0.0004976027412340045, 0.999502420425415]",FALSE,ON,"[-1.08502, 0.718783, 0.188442, 0.137859, 0.063937]","[0.134816, 0.134078, 0.090157, 0.070748, 0.056924]",1092.06,1.5,7.49,1103.56,cdc32a4d,8744b7f3,030c9f04,2c93f763,69,0.001,,,,,,,
20.27,19,22.9,59.5,No,Very Dry,0.9996,0.338,0.0024,0,1,ON,0.9991,0.65,"[-3.6501352787017822, 3.3116352558135986]","[0.0009465208277106285, 0.999053418636322]",FALSE,ON,"[-1.079521, 0.746348, 0.157319, 0.088253, 0.063431]","[0.134816, 0.134078, 0.090157, 0.070748, 0.056924]",1092.06,1.48,7.48,1103.31,cdc32a4d,8744b7f3,030c9f04,2c93f763,69,0.001,,,,,,,
22.97,18.94,22.9,59.5,No,Very Dry,0.9568,0.4852,0.0059,0,1,ON,0.9957,0.65,"[-2.8997738361358643, 2.545255422592163]","[0.004299151245504618, 0.9957007765769958]",FALSE,ON,"[-1.076881, 0.719733, 0.185449, 0.177668, 0.06698]","[0.134816, 0.134078, 0.090157, 0.070748, 0.056924]",1092.37,1.48,7.44,1103.55,cdc32a4d,8744b7f3,030c9f04,2c93f763,69,0.001,,,,,,,
25.68,18.88,22.9,59.6,No,Very Dry,0.8512,0.6474,0.0136,0,1,ON,0.9825,0.65,"[-2.156989336013794, 1.8692622184753418]","[0.01752835139632225, 0.9824716448783875]",FALSE,ON,"[-1.072852, 0.679181, 0.211541, 0.285538, 0.073088]","[0.134816, 0.134078, 0.090157, 0.070748, 0.056924]",1093.35,1.82,8.49,1106.67,cdc32a4d,8744b7f3,030c9f04,2c93f763,69,0.001,,,,,,,
28.38,18.88,22.8,59.7,No,Semi Dry,0.704,0.8031,0.0289,0,1,ON,0.9829,0.65,"[-2.2027699947357178, 1.8459138870239258]","[0.017146192491054535, 0.9828537702560425]",FALSE,ON,"[-1.075517, 0.61821, 0.230373, 0.406113, 0.079114]","[0.134816, 0.134078, 0.090157, 0.070748, 0.056924]",1089.37,1.47,7.44,1100.6,cdc32a4d,8744b7f3,030c9f04,2c93f763,69,0.001,,,,,,,
24.32,18.94,22.9,59.7,No,Very Dry,0.9107,0.5656,0.0091,0,1,ON,0.9942,0.65,"[-2.73371958732605, 2.4170777797698975]","[0.005761396139860153, 0.9942386150360107]",FALSE,ON,"[-1.074672, 0.698804, 0.201556, 0.23098, 0.072609]","[0.134816, 0.134078, 0.090157, 0.070748, 0.056924]",1094.98,1.47,7.57,1106.36,cdc32a4d,8744b7f3,030c9f04,2c93f763,69,0.001,,,,,,,
98.65,0,23,59.9,No,Wet,0,0,0.0001,0.1757,,,0.5185,0.65,"[-0.04846608638763428, 0.025705933570861816]","[0.48146548867225647, 0.5185344815254211]",,SKIP_LOW_CONF,"[-0.920707, 0.208511, -0.060687, -0.273692, 0.088817]","[0.134816, 0.134078, 0.090157, 0.070748, 0.056924]",1089.61,1.49,7.84,1099.43,cdc32a4d,8744b7f3,030c9f04,2c93f763,69,0.001,,,,,,,
100,20.88,23,60,No,Wet,0,0,0,0.1353,1,ON,0.9876,0.65,"[-2.463409185409546, 1.9140257835388184]","[0.012401795014739037, 0.9875982403755188]",TRUE,OFF,"[-0.953639, -0.396899, -0.099674, 0.294053, 0.075299]","[0.134816, 0.134078, 0.090157, 0.070748, 0.056924]",1083.57,3.83,24.6,1117.34,cdc32a4d,8744b7f3,030c9f04,2c93f763,69,0.001,,,,,,,
100,20.81,23,60.1,No,Wet,0,0,0,0.1353,1,ON,0.99,0.65,"[-2.5985794067382812, 1.9967414140701294]","[0.009998012334108353, 0.9900020360946655]",TRUE,OFF,"[-0.954288, -0.392922, -0.104675, 0.297511, 0.077074]","[0.134816, 0.134078, 0.090157, 0.070748, 0.056924]",1099.47,1.65,7.73,1111.6,cdc32a4d,8744b7f3,030c9f04,2c93f763,69,0.001,,,,,,,
100,20.81,22.9,60.4,No,Wet,0,0,0,0.1353,1,ON,0.99,0.65,"[-2.5985794067382812, 1.9967414140701294]","[0.009998012334108353, 0.9900020360946655]",TRUE,OFF,"[-0.962514, -0.393693, -0.104732, 0.297433, 0.080969]","[0.134816, 0.134078, 0.090157, 0.070748, 0.056924]",1091.46,1.56,8.16,1103.8,cdc32a4d,8744b7f3,030c9f04,2c93f763,69,0.001,,,,,,,
100,20.81,23,60.5,No,Wet,0,0,0,0.1353,1,ON,0.99,0.65,"[-2.5985794067382812, 1.9967414140701294]","[0.009998012334108353, 0.9900020360946655]",TRUE,OFF,"[-0.954193, -0.392869, -0.104831, 0.297415, 0.082015]","[0.134816, 0.134078, 0.090157, 0.070748, 0.056924]",1091.33,1.64,7.53,1102.83,cdc32a4d,8744b7f3,030c9f04,2c93f763,69,0.001,,,,,,,
100,20.75,22.9,60.9,No,Wet,0,0,0,0.1353,1,ON,0.99,0.65,"[-2.5985794067382812, 1.9967412948608398]","[0.009998012334108353, 0.9900020360946655]",TRUE,OFF,"[-0.963088, -0.38978, -0.10975, 0.300756, 0.085693]","[0.134816, 0.134078, 0.090157, 0.070748, 0.056924]",1091.97,1.47,7.61,1103.37,cdc32a4d,8744b7f3,030c9f04,2c93f763,69,0.001,,,,,,,
100,20.81,23,60.9,No,Wet,0,0,0,0.1353,1,ON,0.99,0.65,"[-2.5985794067382812, 1.9967414140701294]","[0.009998012334108353, 0.9900020360946655]",TRUE,OFF,"[-0.954128, -0.392833, -0.104938, 0.297351, 0.085353]","[0.134816, 0.134078, 0.090157, 0.070748, 0.056924]",1092.26,1.49,7.52,1103.89,cdc32a4d,8744b7f3,030c9f04,2c93f763,69,0.001,,,,,,,
100,20.81,23,61.1,No,Wet,0,0,0,0.1353,1,ON,0.99,0.65,"[-2.5985794067382812, 1.9967414140701294]","[0.009998012334108353, 0.9900020360946655]",TRUE,OFF,"[-0.954108, -0.392822, -0.104972, 0.297331, 0.086402]","[0.134816, 0.134078, 0.090157, 0.070748, 0.056924]",1092.07,1.49,7.48,1103.56,cdc32a4d,8744b7f3,030c9f04,2c93f763,69,0.001,,,,,,,
100,20.88,23,61.1,No,Wet,0,0,0,0.1353,1,ON,0.9679,0.65,"[-1.9917964935302734, 1.41476309299469]","[0.03209109231829643, 0.9679089188575745]",TRUE,OFF,"[-0.95343, -0.396784, -0.100017, 0.293845, 0.086103]","[0.134816, 0.134078, 0.090157, 0.070748, 0.056924]",1092.12,1.52,7.62,1103.82,cdc32a4d,8744b7f3,030c9f04,2c93f763,69,0.001,,,,,,,
100,20.88,23,61.1,No,Wet,0,0,0,0.1353,1,ON,0.9679,0.65,"[-1.9917964935302734, 1.41476309299469]","[0.03209109231829643, 0.9679089188575745]",TRUE,OFF,"[-0.95343, -0.396784, -0.100017, 0.293845, 0.086103]","[0.134816, 0.134078, 0.090157, 0.070748, 0.056924]",1091.9,1.49,7.51,1103.41,cdc32a4d,8744b7f3,030c9f04,2c93f763,69,0.001,,,,,,,
100,20.88,23,61,No,Wet,0,0,0,0.1353,1,ON,0.99,0.65,"[-2.5985794067382812, 1.9967414140701294]","[0.009998012334108353, 0.9900020360946655]",TRUE,OFF,"[-0.953439, -0.396789, -0.100001, 0.293854, 0.085631]","[0.134816, 0.134078, 0.090157, 0.070748, 0.056924]",1092.13,1.51,7.53,1103.43,cdc32a4d,8744b7f3,030c9f04,2c93f763,69,0.001,,,,,,,
100,20.88,23,60.8,No,Wet,0,0,0,0.1353,1,ON,0.99,0.65,"[-2.5985794067382812, 1.9967414140701294]","[0.009998012334108353, 0.9900020360946655]",TRUE,OFF,"[-0.953463, -0.396802, -0.099961, 0.293878, 0.084374]","[0.134816, 0.134078, 0.090157, 0.070748, 0.056924]",1092.25,1.49,7.58,1103.61,cdc32a4d,8744b7f3,030c9f04,2c93f763,69,0.001,,,,,,,
100,20.81,23,60.7,No,Wet,0,0,0,0.1353,1,ON,0.99,0.65,"[-2.5985794067382812, 1.9967414140701294]","[0.009998012334108353, 0.9900020360946655]",TRUE,OFF,"[-0.954157, -0.392849, -0.104891, 0.297379, 0.083889]","[0.134816, 0.134078, 0.090157, 0.070748, 0.056924]",1092.21,1.49,7.52,1103.8,cdc32a4d,8744b7f3,030c9f04,2c93f763,69,0.001,,,,,,,
100,20.75,23,60.7,No,Wet,0,0,0,0.1353,1,ON,0.99,0.65,"[-2.5985794067382812, 1.9967414140701294]","[0.009998012334108353, 0.9900020360946655]",TRUE,OFF,"[-0.954817, -0.388983, -0.109767, 0.300788, 0.084186]","[0.134816, 0.134078, 0.090157, 0.070748, 0.056924]",1092.07,1.48,7.61,1103.7,cdc32a4d,8744b7f3,030c9f04,2c93f763,69,0.001,,,,,,,
100,20.75,23,60.7,No,Wet,0,0,0,0.1353,1,ON,0.99,0.65,"[-2.5985794067382812, 1.9967414140701294]","[0.009998012334108353, 0.9900020360946655]",TRUE,OFF,"[-0.954817, -0.388983, -0.109767, 0.300788, 0.084186]","[0.134816, 0.134078, 0.090157, 0.070748, 0.056924]",1092.06,1.49,7.52,1103.38,cdc32a4d,8744b7f3,030c9f04,2c93f763,69,0.001,,,,,,,
100,20.75,23,60.8,No,Wet,0,0,0,0.1353,1,ON,0.99,0.65,"[-2.5985794067382812, 1.9967414140701294]","[0.009998012334108353, 0.9900020360946655]",TRUE,OFF,"[-0.954802, -0.388975, -0.109792, 0.300772, 0.08497]","[0.134816, 0.134078, 0.090157, 0.070748, 0.056924]",1092.26,1.51,7.45,1103.79,cdc32a4d,8744b7f3,030c9f04,2c93f763,69,0.001,,,,,,,
100,20.75,23,60.6,No,Wet,0,0,0,0.1353,1,ON,0.99,0.65,"[-2.5985794067382812, 1.9967414140701294]","[0.009998012334108353, 0.9900020360946655]",TRUE,OFF,"[-0.954834, -0.388993, -0.109739, 0.300805, 0.0833]","[0.134816, 0.134078, 0.090157, 0.070748, 0.056924]",3332.04,1.48,7.57,3343.68,cdc32a4d,8744b7f3,030c9f04,2c93f763,69,0.001,,,,,,,
100,20.75,23.1,60.6,No,Wet,0,0,0,0.1353,1,ON,0.99,0.65,"[-2.5985794067382812, 1.9967414140701294]","[0.009998012334108353, 0.9900020360946655]",TRUE,OFF,"[-0.946901, -0.388217, -0.1098, 0.300808, 0.08326]","[0.134816, 0.134078, 0.090157, 0.070748, 0.056924]",1092.08,1.5,7.56,1103.77,cdc32a4d,8744b7f3,030c9f04,2c93f763,69,0.001,,,,,,,
100,20.81,23.1,60.6,No,Wet,0,0,0,0.1353,1,ON,0.99,0.65,"[-2.5985794067382812, 1.9967414140701294]","[0.009998012334108353, 0.9900020360946655]",TRUE,OFF,"[-0.946241, -0.392082, -0.104924, 0.2974, 0.082962]","[0.134816, 0.134078, 0.090157, 0.070748, 0.056924]",1091.92,1.48,7.58,1103.61,cdc32a4d,8744b7f3,030c9f04,2c93f763,69,0.001,,,,,,,
100,20.81,23.1,60.7,No,Wet,0,0,0,0.1353,1,ON,0.99,0.65,"[-2.5985794067382812, 1.9967414140701294]","[0.009998012334108353, 0.9900020360946655]",TRUE,OFF,"[-0.946224, -0.392073, -0.104952, 0.297383, 0.083848]","[0.134816, 0.134078, 0.090157, 0.070748, 0.056924]",1091.93,1.48,7.49,1103.23,cdc32a4d,8744b7f3,030c9f04,2c93f763,69,0.001,,,,,,,
100,20.81,23.1,60.7,No,Wet,0,0,0,0.1353,1,ON,0.99,0.65,"[-2.5985794067382812, 1.9967414140701294]","[0.009998012334108353, 0.9900020360946655]",TRUE,OFF,"[-0.946224, -0.392073, -0.104952, 0.297383, 0.083848]","[0.134816, 0.134078, 0.090157, 0.070748, 0.056924]",1092.29,1.48,7.49,1103.94,cdc32a4d,8744b7f3,030c9f04,2c93f763,69,0.001,,,,,,,
100,20.81,23.1,60.7,No,Wet,0,0,0,0.1353,1,ON,0.99,0.65,"[-2.5985794067382812, 1.9967414140701294]","[0.009998012334108353, 0.9900020360946655]",TRUE,OFF,"[-0.946224, -0.392073, -0.104952, 0.297383, 0.083848]","[0.134816, 0.134078, 0.090157, 0.070748, 0.056924]",1092.03,1.47,7.82,1103.86,cdc32a4d,8744b7f3,030c9f04,2c93f763,69,0.001,,,,,,,
100,20.81,23.1,60.6,No,Wet,0,0,0,0.1353,1,ON,0.99,0.65,"[-2.5985794067382812, 1.9967414140701294]","[0.009998012334108353, 0.9900020360946655]",TRUE,OFF,"[-0.946241, -0.392082, -0.104924, 0.2974, 0.082962]","[0.134816, 0.134078, 0.090157, 0.070748, 0.056924]",1091.82,1.49,7.5,1103.15,cdc32a4d,8744b7f3,030c9f04,2c93f763,69,0.001,,,,,,,
100,20.75,23.1,60.6,No,Wet,0,0,0,0.1353,1,ON,0.99,0.65,"[-2.5985794067382812, 1.9967414140701294]","[0.009998012334108353, 0.9900020360946655]",TRUE,OFF,"[-0.946901, -0.388217, -0.1098, 0.300808, 0.08326]","[0.134816, 0.134078, 0.090157, 0.070748, 0.056924]",1092.27,1.48,7.57,1103.98,cdc32a4d,8744b7f3,030c9f04,2c93f763,69,0.001,,,,,,,
100,20.75,23.1,60.5,No,Wet,0,0,0,0.1353,1,ON,0.99,0.65,"[-2.5985794067382812, 1.9967414140701294]","[0.009998012334108353, 0.9900020360946655]",TRUE,OFF,"[-0.946921, -0.388227, -0.109769, 0.300827, 0.082272]","[0.134816, 0.134078, 0.090157, 0.070748, 0.056924]",3331.87,1.49,7.53,3343.51,cdc32a4d,8744b7f3,030c9f04,2c93f763,69,0.001,,,,,,,
100,20.88,23.1,60.6,No,Wet,0,0,0,0.1353,1,ON,0.9933,0.65,"[-2.7918341159820557, 2.202894926071167]","[0.006727983709424734, 0.9932720065116882]",TRUE,OFF,"[-0.945563, -0.396044, -0.099969, 0.293914, 0.082663]","[0.134816, 0.134078, 0.090157, 0.070748, 0.056924]",1091.98,1.49,7.54,1103.62,cdc32a4d,8744b7f3,030c9f04,2c93f763,69,0.001,,,,,,,
100,20.75,23.1,60.6,No,Wet,0,0,0,0.1353,1,ON,0.99,0.65,"[-2.5985794067382812, 1.9967414140701294]","[0.009998012334108353, 0.9900020360946655]",TRUE,OFF,"[-0.946901, -0.388217, -0.1098, 0.300808, 0.08326]","[0.134816, 0.134078, 0.090157, 0.070748, 0.056924]",1092.07,1.49,7.51,1103.69,cdc32a4d,8744b7f3,030c9f04,2c93f763,69,0.001,,,,,,,
100,20.62,23.1,60.8,Yes,Wet,0,0,0,0.1353,0,OFF,0.8925,0.65,"[1.0019582509994507, -1.1149173974990845]","[0.8925326466560364, 0.10746739059686661]",TRUE,OFF,"[-0.953711, -0.381791, -0.120029, 0.307875, 0.058992]","[0.134816, 0.134078, 0.090157, 0.070748, 0.056924]",1091.87,1.49,7.51,1103.24,cdc32a4d,8744b7f3,030c9f04,2c93f763,69,0.001,,,,,,,
100,20.69,23.1,60.8,Yes,Wet,0,0,0,0.1353,0,OFF,0.929,0.65,"[1.2595481872558594, -1.3118233680725098]","[0.928996205329895, 0.07100377231836319]",TRUE,OFF,"[-0.953066, -0.385587, -0.115154, 0.30451, 0.058688]","[0.134816, 0.134078, 0.090157, 0.070748, 0.056924]",1092.35,1.49,7.58,1103.68,cdc32a4d,8744b7f3,030c9f04,2c93f763,69,0.001,,,,,,,
100,20.81,23.1,60.8,Yes,Wet,0,0,0,0.1353,0,OFF,0.929,0.65,"[1.2595481872558594, -1.3118233680725098]","[0.928996205329895, 0.07100377231836319]",TRUE,OFF,"[-0.951743, -0.393346, -0.105323, 0.29766, 0.058085]","[0.134816, 0.134078, 0.090157, 0.070748, 0.056924]",1092.21,1.47,7.67,1103.62,cdc32a4d,8744b7f3,030c9f04,2c93f763,69,0.001,,,,,,,
100,20.81,23.1,60.8,Yes,Wet,0,0,0,0.1353,0,OFF,0.929,0.65,"[1.2595481872558594, -1.3118233680725098]","[0.928996205329895, 0.07100377231836319]",TRUE,OFF,"[-0.951743, -0.393346, -0.105323, 0.29766, 0.058085]","[0.134816, 0.134078, 0.090157, 0.070748, 0.056924]",1092.3,1.48,7.5,1103.87,cdc32a4d,8744b7f3,030c9f04,2c93f763,69,0.001,,,,,,,
98.65,20.81,23.1,60.9,Yes,Wet,0,0,0.0001,0.1757,0,OFF,0.94,0.65,"[1.3326845169067383, -1.4191961288452148]","[0.9400194883346558, 0.05998052656650543]",TRUE,OFF,"[-0.951536, -0.395332, -0.107674, 0.314895, 0.058594]","[0.134816, 0.134078, 0.090157, 0.070748, 0.056924]",1092.02,1.49,7.52,1104.1,cdc32a4d,8744b7f3,030c9f04,2c93f763,69,0.001,,,,,,,
100,20.81,23.2,61,Yes,Wet,0,0,0,0.1353,0,OFF,0.929,0.65,"[1.2595481872558594, -1.3118233680725098]","[0.928996205329895, 0.07100377231836319]",TRUE,OFF,"[-0.944046, -0.392577, -0.105429, 0.29764, 0.059303]","[0.134816, 0.134078, 0.090157, 0.070748, 0.056924]",1091.75,1.51,7.61,1103.5,cdc32a4d,8744b7f3,030c9f04,2c93f763,69,0.001,,,,,,,
98.65,20.75,23.1,61.3,Yes,Wet,0,0,0.0001,0.1757,0,OFF,0.8925,0.65,"[1.0019582509994507, -1.1149173974990845]","[0.8925326466560364, 0.10746739059686661]",TRUE,OFF,"[-0.951894, -0.391625, -0.11262, 0.318335, 0.060572]","[0.134816, 0.134078, 0.090157, 0.070748, 0.056924]",1091.69,1.5,7.64,1103.53,cdc32a4d,8744b7f3,030c9f04,2c93f763,69,0.001,,,,,,,
98.65,20.69,23.2,61.5,Yes,Wet,0,0,0.0001,0.1757,0,OFF,0.8925,0.65,"[1.0019582509994507, -1.1149173974990845]","[0.8925326466560364, 0.10746739059686661]",TRUE,OFF,"[-0.944856, -0.387188, -0.117647, 0.32184, 0.061047]","[0.134816, 0.134078, 0.090157, 0.070748, 0.056924]",1091.75,1.5,7.56,1103.17,cdc32a4d,8744b7f3,030c9f04,2c93f763,69,0.001,,,,,,,
100,20.69,23.2,61.5,Yes,Wet,0,0,0,0.1353,0,OFF,0.929,0.65,"[1.2595481872558594, -1.3118233680725098]","[0.928996205329895, 0.07100377231836319]",TRUE,OFF,"[-0.94503, -0.384763, -0.115324, 0.304463, 0.061213]","[0.134816, 0.134078, 0.090157, 0.070748, 0.056924]",5605.92,3.65,16.9,5631.81,cdc32a4d,8744b7f3,030c9f04,2c93f763,69,0.001,,,,,,,
97.3,20.69,23.2,61.5,Yes,Wet,0,0,0.0001,0.224,0,OFF,0.9087,0.65,"[1.07509446144104, -1.2222901582717896]","[0.9086601734161377, 0.09133978933095932]",TRUE,OFF,"[-0.94449, -0.391595, -0.121159, 0.338689, 0.06085]","[0.134816, 0.134078, 0.090157, 0.070748, 0.056924]",1075.85,1.49,7.5,1087.5,cdc32a4d,8744b7f3,030c9f04,2c93f763,69,0.001,,,,,,,
100,20.69,23.2,61.4,Yes,Wet,0,0,0,0.1353,0,OFF,0.929,0.65,"[1.2595481872558594, -1.3118233680725098]","[0.928996205329895, 0.07100377231836319]",TRUE,OFF,"[-0.945094, -0.384772, -0.115317, 0.304464, 0.061163]","[0.134816, 0.134078, 0.090157, 0.070748, 0.056924]",1092.05,1.48,7.53,1103.62,cdc32a4d,8744b7f3,030c9f04,2c93f763,69,0.001,,,,,,,
98.65,20.69,23.2,61.4,Yes,Wet,0,0,0.0001,0.1757,0,OFF,0.8925,0.65,"[1.0019582509994507, -1.1149173974990845]","[0.8925326466560364, 0.10746739059686661]",TRUE,OFF,"[-0.94492, -0.387197, -0.117641, 0.321841, 0.060996]","[0.134816, 0.134078, 0.090157, 0.070748, 0.056924]",1092.11,1.49,7.51,1103.53,cdc32a4d,8744b7f3,030c9f04,2c93f763,69,0.001,,,,,,,
98.65,20.69,23.2,61.3,Yes,Wet,0,0,0.0001,0.1757,0,OFF,0.8925,0.65,"[1.0019582509994507, -1.1149173974990845]","[0.8925326466560364, 0.10746739059686661]",TRUE,OFF,"[-0.944986, -0.387207, -0.117631, 0.321844, 0.06084]","[0.134816, 0.134078, 0.090157, 0.070748, 0.056924]",1092.13,1.48,7.58,1103.49,cdc32a4d,8744b7f3,030c9f04,2c93f763,69,0.001,,,,,,,
98.65,20.69,23.2,61.4,Yes,Wet,0,0,0.0001,0.1757,0,OFF,0.8925,0.65,"[1.0019582509994507, -1.1149173974990845]","[0.8925326466560364, 0.10746739059686661]",TRUE,OFF,"[-0.94492, -0.387197, -0.117641, 0.321841, 0.060996]","[0.134816, 0.134078, 0.090157, 0.070748, 0.056924]",3332.23,1.49,7.75,3344.11,cdc32a4d,8744b7f3,030c9f04,2c93f763,69,0.001,,,,,,,
98.65,20.69,23.2,61.4,Yes,Wet,0,0,0.0001,0.1757,0,OFF,0.8925,0.65,"[1.0019582509994507, -1.1149173974990845]","[0.8925326466560364, 0.10746739059686661]",TRUE,OFF,"[-0.94492, -0.387197, -0.117641, 0.321841, 0.060996]","[0.134816, 0.134078, 0.090157, 0.070748, 0.056924]",1091.68,1.48,7.46,1103.29,cdc32a4d,8744b7f3,030c9f04,2c93f763,69,0.001,,,,,,,
98.65,20.69,23.2,61.4,Yes,Wet,0,0,0.0001,0.1757,0,OFF,0.8925,0.65,"[1.0019582509994507, -1.1149173974990845]","[0.8925326466560364, 0.10746739059686661]",TRUE,OFF,"[-0.94492, -0.387197, -0.117641, 0.321841, 0.060996]","[0.134816, 0.134078, 0.090157, 0.070748, 0.056924]",1092.06,1.48,7.45,1103.68,cdc32a4d,8744b7f3,030c9f04,2c93f763,69,0.001,,,,,,,
98.65,20.69,23.2,61.5,Yes,Wet,0,0,0.0001,0.1757,0,OFF,0.8925,0.65,"[1.0019582509994507, -1.1149173974990845]","[0.8925326466560364, 0.10746739059686661]",TRUE,OFF,"[-0.944856, -0.387188, -0.117647, 0.32184, 0.061047]","[0.134816, 0.134078, 0.090157, 0.070748, 0.056924]",1091.99,1.5,7.54,1103.72,cdc32a4d,8744b7f3,030c9f04,2c93f763,69,0.001,,,,,,,
98.65,20.69,23.2,61.6,Yes,Wet,0,0,0.0001,0.1757,0,OFF,0.8925,0.65,"[1.0019582509994507, -1.1149173974990845]","[0.8925326466560364, 0.10746739059686661]",TRUE,OFF,"[-0.944793, -0.38718, -0.11765, 0.321841, 0.060991]","[0.134816, 0.134078, 0.090157, 0.070748, 0.056924]",1091.88,1.48,7.49,1103.19,cdc32a4d,8744b7f3,030c9f04,2c93f763,69,0.001,,,,,,,
98.65,20.62,23.2,61.6,Yes,Wet,0,0,0.0001,0.1757,0,OFF,0.8925,0.65,"[1.0019582509994507, -1.1149173974990845]","[0.8925326466560364, 0.10746739059686661]",TRUE,OFF,"[-0.945417, -0.383593, -0.122524, 0.325268, 0.061298]","[0.134816, 0.134078, 0.090157, 0.070748, 0.056924]",3335.09,1.46,11.91,3351.11,cdc32a4d,8744b7f3,030c9f04,2c93f763,69,0.001,,,,,,,
98.65,20.69,23.2,61.6,Yes,Wet,0,0,0.0001,0.1757,0,OFF,0.8925,0.65,"[1.0019582509994507, -1.1149173974990845]","[0.8925326466560364, 0.10746739059686661]",TRUE,OFF,"[-0.944793, -0.38718, -0.11765, 0.321841, 0.060991]","[0.134816, 0.134078, 0.090157, 0.070748, 0.056924]",1084.8,1.48,7.52,1096.46,cdc32a4d,8744b7f3,030c9f04,2c93f763,69,0.001,,,,,,,
98.65,20.69,23.2,61.7,Yes,Wet,0,0,0.0001,0.1757,0,OFF,0.8925,0.65,"[1.0019582509994507, -1.1149173974990845]","[0.8925326466560364, 0.10746739059686661]",TRUE,OFF,"[-0.944732, -0.387173, -0.11765, 0.321844, 0.06083]","[0.134816, 0.134078, 0.090157, 0.070748, 0.056924]",1092.01,1.49,7.51,1103.67,cdc32a4d,8744b7f3,030c9f04,2c93f763,69,0.001,,,,,,,
97.3,20.69,23.2,61.7,Yes,Wet,0,0,0.0001,0.224,0,OFF,0.9087,0.65,"[1.07509446144104, -1.2222901582717896]","[0.9086601734161377, 0.09133978933095932]",TRUE,OFF,"[-0.944367, -0.39158, -0.121162, 0.338693, 0.060633]","[0.134816, 0.134078, 0.090157, 0.070748, 0.056924]",1091.93,1.5,7.66,1103.79,cdc32a4d,8744b7f3,030c9f04,2c93f763,69,0.001,,,,,,,
98.65,20.62,23.2,61.7,Yes,Wet,0,0,0.0001,0.1757,0,OFF,0.8925,0.65,"[1.0019582509994507, -1.1149173974990845]","[0.8925326466560364, 0.10746739059686661]",TRUE,OFF,"[-0.945356, -0.383586, -0.122524, 0.325271, 0.061136]","[0.134816, 0.134078, 0.090157, 0.070748, 0.056924]",3331.79,1.48,7.58,3343.53,cdc32a4d,8744b7f3,030c9f04,2c93f763,69,0.001,,,,,,,
95.95,20.62,23.2,61.8,Yes,Wet,0,0,0.0002,0.2804,0,OFF,0.9877,0.65,"[2.1473886966705322, -2.2411978244781494]","[0.9877340793609619, 0.012265948578715324]",TRUE,OFF,"[-0.944305, -0.395089, -0.131075, 0.358213, 0.060441]","[0.134816, 0.134078, 0.090157, 0.070748, 0.056924]",1091.91,1.5,7.53,1103.57,cdc32a4d,8744b7f3,030c9f04,2c93f763,69,0.001,,,,,,,
94.59,20.62,23.2,61.8,Yes,Wet,0,0,0.0004,0.3447,0,OFF,0.965,0.65,"[1.5613738298416138, -1.7554224729537964]","[0.965000569820404, 0.03499945253133774]",TRUE,OFF,"[-0.943451, -0.404568, -0.138028, 0.373014, 0.060152]","[0.134816, 0.134078, 0.090157, 0.070748, 0.056924]",1092,1.48,7.48,1103.3,cdc32a4d,8744b7f3,030c9f04,2c93f763,69,0.001,,,,,,,
94.59,20.69,23.2,61.8,Yes,Wet,0,0,0.0004,0.3447,0,OFF,0.965,0.65,"[1.5613737106323242, -1.755422592163086]","[0.965000569820404, 0.03499945253133774]",TRUE,OFF,"[-0.942887, -0.407551, -0.133156, 0.369457, 0.059838]","[0.134816, 0.134078, 0.090157, 0.070748, 0.056924]",1092.4,1.49,7.53,1104.01,cdc32a4d,8744b7f3,030c9f04,2c93f763,69,0.001,,,,,,,
94.59,20.62,23.2,61.8,Yes,Wet,0,0,0.0004,0.3447,0,OFF,0.965,0.65,"[1.5613738298416138, -1.7554224729537964]","[0.965000569820404, 0.03499945253133774]",TRUE,OFF,"[-0.943451, -0.404568, -0.138028, 0.373014, 0.060152]","[0.134816, 0.134078, 0.090157, 0.070748, 0.056924]",1091.86,1.49,7.5,1103.22,cdc32a4d,8744b7f3,030c9f04,2c93f763,69,0.001,,,,,,,
94.59,20.69,23.2,61.6,Yes,Wet,0,0,0.0004,0.3447,0,OFF,0.965,0.65,"[1.5613737106323242, -1.755422592163086]","[0.965000569820404, 0.03499945253133774]",TRUE,OFF,"[-0.943008, -0.407564, -0.133159, 0.369449, 0.060266]","[0.134816, 0.134078, 0.090157, 0.070748, 0.056924]",1092.29,1.49,7.51,1103.94,cdc32a4d,8744b7f3,030c9f04,2c93f763,69,0.001,,,,,,,
94.59,20.62,23.2,61.4,Yes,Wet,0,0,0.0004,0.3447,0,OFF,0.965,0.65,"[1.5613738298416138, -1.7554224729537964]","[0.965000569820404, 0.03499945253133774]",TRUE,OFF,"[-0.943698, -0.404598, -0.138022, 0.373006, 0.060585]","[0.134816, 0.134078, 0.090157, 0.070748, 0.056924]",1091.99,1.49,7.59,1103.72,cdc32a4d,8744b7f3,030c9f04,2c93f763,69,0.001,,,,,,,
94.59,20.69,23.3,61.4,Yes,Wet,0,0,0.0004,0.3447,0,OFF,0.965,0.65,"[1.5613738298416138, -1.7554224729537964]","[0.965000569820404, 0.03499945253133774]",TRUE,OFF,"[-0.935981, -0.406881, -0.133205, 0.369453, 0.060233]","[0.134816, 0.134078, 0.090157, 0.070748, 0.056924]",1091.96,1.49,7.46,1103.2,cdc32a4d,8744b7f3,030c9f04,2c93f763,69,0.001,,,,,,,
95.95,20.69,23.3,61.3,Yes,Wet,0,0,0.0002,0.2804,0,OFF,0.9821,0.65,"[1.9328126907348633, -2.0712697505950928]","[0.9820857048034668, 0.017914239317178726]",TRUE,OFF,"[-0.936881, -0.397605, -0.126242, 0.354688, 0.060369]","[0.134816, 0.134078, 0.090157, 0.070748, 0.056924]",1092.4,1.48,7.53,1103.72,cdc32a4d,8744b7f3,030c9f04,2c93f763,69,0.001,,,,,,,
95.95,20.69,23.3,61.2,Yes,Wet,0,0,0.0002,0.2804,0,OFF,0.9821,0.65,"[1.9328126907348633, -2.0712697505950928]","[0.9820857048034668, 0.017914239317178726]",TRUE,OFF,"[-0.936949, -0.397616, -0.12623, 0.354693, 0.060107]","[0.134816, 0.134078, 0.090157, 0.070748, 0.056924]",1092.31,1.49,7.52,1103.64,cdc32a4d,8744b7f3,030c9f04,2c93f763,69,0.001,,,,,,,
93.24,20.69,23.3,61,Yes,Wet,0,0,0.0007,0.4161,0,OFF,0.965,0.65,"[1.5613738298416138, -1.755422592163086]","[0.965000569820404, 0.03499945253133774]",TRUE,OFF,"[-0.935145, -0.419105, -0.142391, 0.382647, 0.058619]","[0.134816, 0.134078, 0.090157, 0.070748, 0.056924]",1092.33,1.54,7.57,1104.08,cdc32a4d,8744b7f3,030c9f04,2c93f763,69,0.001,,,,,,,
95.95,20.75,23.2,61,Yes,Wet,0,0,0.0002,0.2804,0,OFF,0.9821,0.65,"[1.9328126907348633, -2.0712697505950928]","[0.9820857048034668, 0.017914239317178726]",TRUE,OFF,"[-0.943644, -0.401602, -0.121188, 0.351098, 0.058993]","[0.134816, 0.134078, 0.090157, 0.070748, 0.056924]",1091.77,1.49,7.49,1103.42,cdc32a4d,8744b7f3,030c9f04,2c93f763,69,0.001,,,,,,,
95.95,20.75,23.3,61,Yes,Wet,0,0,0.0002,0.2804,0,OFF,0.9821,0.65,"[1.9328126907348633, -2.0712697505950928]","[0.9820857048034668, 0.017914239317178726]",TRUE,OFF,"[-0.93649, -0.400903, -0.121243, 0.351102, 0.058955]","[0.134816, 0.134078, 0.090157, 0.070748, 0.056924]",1092,1.46,13.51,1108.98,cdc32a4d,8744b7f3,030c9f04,2c93f763,69,0.001,,,,,,,
97.3,20.69,23.3,61.1,Yes,Wet,0,0,0.0001,0.224,0,OFF,0.9087,0.65,"[1.07509446144104, -1.2222901582717896]","[0.9086601734161377, 0.09133978933095932]",TRUE,OFF,"[-0.937604, -0.390938, -0.121169, 0.338709, 0.059977]","[0.134816, 0.134078, 0.090157, 0.070748, 0.056924]",3326.55,1.49,9.67,3340.33,cdc32a4d,8744b7f3,030c9f04,2c93f763,69,0.001,,,,,,,
95.95,20.69,23.3,61.2,Yes,Wet,0,0,0.0002,0.2804,0,OFF,0.9821,0.65,"[1.9328126907348633, -2.0712697505950928]","[0.9820857048034668, 0.017914239317178726]",TRUE,OFF,"[-0.936949, -0.397616, -0.12623, 0.354693, 0.060107]","[0.134816, 0.134078, 0.090157, 0.070748, 0.056924]",3329.82,1.49,7.51,3341.58,cdc32a4d,8744b7f3,030c9f04,2c93f763,69,0.001,,,,,,,
95.95,20.69,23.3,61.2,Yes,Wet,0,0,0.0002,0.2804,0,OFF,0.9821,0.65,"[1.9328126907348633, -2.0712697505950928]","[0.9820857048034668, 0.017914239317178726]",TRUE,OFF,"[-0.936949, -0.397616, -0.12623, 0.354693, 0.060107]","[0.134816, 0.134078, 0.090157, 0.070748, 0.056924]",1092,1.51,7.5,1103.68,cdc32a4d,8744b7f3,030c9f04,2c93f763,69,0.001,,,,,,,
95.95,20.75,23.3,61.3,Yes,Wet,0,0,0.0002,0.2804,0,OFF,0.9821,0.65,"[1.9328126907348633, -2.0712697505950928]","[0.9820857048034668, 0.017914239317178726]",TRUE,OFF,"[-0.936282, -0.400866, -0.121291, 0.35108, 0.060055]","[0.134816, 0.134078, 0.090157, 0.070748, 0.056924]",1091.95,1.5,7.64,1103.39,cdc32a4d,8744b7f3,030c9f04,2c93f763,69,0.001,,,,,,,
82.43,20.69,23.3,61.2,No,Wet,0,0,0.0232,0.9708,0,OFF,0.7793,0.65,"[0.4297455847263336, -0.8320018649101257]","[0.7793267965316772, 0.22067321836948395]",TRUE,OFF,"[-0.910674, -0.622446, -0.314998, 0.409732, 0.080406]","[0.134816, 0.134078, 0.090157, 0.070748, 0.056924]",1092.13,1.49,7.48,1103.75,cdc32a4d,8744b7f3,030c9f04,2c93f763,69,0.001,,,,,,,
93.24,20.88,23.3,61.2,No,Wet,0,0,0.0007,0.4161,1,ON,0.9756,0.65,"[-2.1264984607696533, 1.5615085363388062]","[0.024411017075181007, 0.9755890369415283]",TRUE,OFF,"[-0.928025, -0.426496, -0.127292, 0.371297, 0.085066]","[0.134816, 0.134078, 0.090157, 0.070748, 0.056924]",1091.97,1.49,7.5,1103.64,cdc32a4d,8744b7f3,030c9f04,2c93f763,69,0.001,,,,,,,
94.59,20.94,23.3,61.1,No,Wet,0,0,0.0004,0.3447,1,ON,0.9248,0.65,"[-1.5712738037109375, 0.93759685754776]","[0.07523864507675171, 0.9247612953186035]",TRUE,OFF,"[-0.928494, -0.417993, -0.113164, 0.354534, 0.084764]","[0.134816, 0.134078, 0.090157, 0.070748, 0.056924]",1092.05,1.49,7.53,1103.4,cdc32a4d,8744b7f3,030c9f04,2c93f763,69,0.001,,,,,,,
13.51,19.56,23.4,61,No,Very Dry,0.8103,0.0994,0.0002,0,1,ON,0.9997,0.65,"[-4.296890735626221, 3.9421348571777344]","[0.00026407185941934586, 0.9997358918190002]",FALSE,ON,"[-1.035576, 0.699842, 0.113634, -0.004468, 0.075981]","[0.134816, 0.134078, 0.090157, 0.070748, 0.056924]",1094.61,1.49,7.56,1106.3,cdc32a4d,8744b7f3,030c9f04,2c93f763,69,0.001,,,,,,,
25.68,19.25,23.3,60.9,No,Very Dry,0.8512,0.6474,0.0136,0,1,ON,0.9764,0.65,"[-2.0541155338287354, 1.6698832511901855]","[0.023568378761410713, 0.9764316082000732]",FALSE,ON,"[-1.037816, 0.652869, 0.240133, 0.300252, 0.08746]","[0.134816, 0.134078, 0.090157, 0.070748, 0.056924]",1091.92,1.47,7.73,1103.45,cdc32a4d,8744b7f3,030c9f04,2c93f763,69,0.001,,,,,,,
32.43,19.19,23.3,60.9,No,Semi Dry,0.4617,0.9676,0.0784,0,1,ON,0.9765,0.65,"[-2.122119188308716, 1.6051807403564453]","[0.02349252812564373, 0.9765074253082275]",FALSE,ON,"[-1.019869, 0.466164, 0.232168, 0.605768, 0.098169]","[0.134816, 0.134078, 0.090157, 0.070748, 0.056924]",1092.18,1.5,7.5,1103.81,cdc32a4d,8744b7f3,030c9f04,2c93f763,69,0.001,,,,,,,
39.19,19.06,23.3,60.8,No,Semi Dry,0.1586,0.916,0.2865,0.0002,,,0.6423,0.65,"[-0.5771734118461609, 0.008237998001277447]","[0.35768839716911316, 0.6423116326332092]",,SKIP_LOW_CONF,"[-0.992645, 0.171263, 0.028072, 0.861753, 0.10627]","[0.134816, 0.134078, 0.090157, 0.070748, 0.056924]",1091.9,1.48,7.55,1101.56,cdc32a4d,8744b7f3,030c9f04,2c93f763,69,0.001,,,,,,,
37.84,18.94,23.3,60.9,No,Semi Dry,0.2037,0.9605,0.2293,0.0001,,,0.6423,0.65,"[-0.5771734118461609, 0.008238136768341064]","[0.35768836736679077, 0.6423116326332092]",,SKIP_LOW_CONF,"[-1.000459, 0.251506, 0.068817, 0.811468, 0.106376]","[0.134816, 0.134078, 0.090157, 0.070748, 0.056924]",3333.88,1.5,7.5,3343.52,cdc32a4d,8744b7f3,030c9f04,2c93f763,69,0.001,,,,,,,
37.84,18.94,23.3,60.9,No,Semi Dry,0.2037,0.9605,0.2293,0.0001,,,0.6423,0.65,"[-0.5771734118461609, 0.008238136768341064]","[0.35768836736679077, 0.6423116326332092]",,SKIP_LOW_CONF,"[-1.000459, 0.251506, 0.068817, 0.811468, 0.106376]","[0.134816, 0.134078, 0.090157, 0.070748, 0.056924]",1093.85,1.49,7.43,1103.36,cdc32a4d,8744b7f3,030c9f04,2c93f763,69,0.001,,,,,,,
37.84,18.94,23.3,60.9,No,Semi Dry,0.2037,0.9605,0.2293,0.0001,,,0.6423,0.65,"[-0.5771734118461609, 0.008238136768341064]","[0.35768836736679077, 0.6423116326332092]",,SKIP_LOW_CONF,"[-1.000459, 0.251506, 0.068817, 0.811468, 0.106376]","[0.134816, 0.134078, 0.090157, 0.070748, 0.056924]",1094.03,1.49,7.46,1103.59,cdc32a4d,8744b7f3,030c9f04,2c93f763,69,0.001,,,,,,,
2.7,18.81,23.3,61,No,Very Dry,0.224,0.0054,0,0,1,ON,0.9985,0.65,"[-3.4561493396759033, 3.0144424438476562]","[0.0015459160786122084, 0.9984540939331055]",FALSE,ON,"[-1.018814, 0.426925, -0.151595, 0.073255, 0.087166]","[0.134816, 0.134078, 0.090157, 0.070748, 0.056924]",1094.01,1.47,7.57,1105.3,cdc32a4d,8744b7f3,030c9f04,2c93f763,69,0.001,,,,,,,
27.03,18.81,23.3,61,No,Very Dry,0.7812,0.7277,0.02,0,1,ON,0.9741,0.65,"[-1.96837317943573, 1.6585273742675781]","[0.025909345597028732, 0.9740906953811646]",FALSE,ON,"[-1.03943, 0.659521, 0.217642, 0.342056, 0.092474]","[0.134816, 0.134078, 0.090157, 0.070748, 0.056924]",1092.49,1.47,7.5,1103.68,cdc32a4d,8744b7f3,030c9f04,2c93f763,69,0.001,,,,,,,
37.84,18.94,23.3,61.1,No,Semi Dry,0.2037,0.9605,0.2293,0.0001,,,0.6423,0.65,"[-0.5771734118461609, 0.008238136768341064]","[0.35768836736679077, 0.6423116326332092]",,SKIP_LOW_CONF,"[-1.000439, 0.251518, 0.068783, 0.811448, 0.107425]","[0.134816, 0.134078, 0.090157, 0.070748, 0.056924]",1092.2,1.49,7.49,1101.78,cdc32a4d,8744b7f3,030c9f04,2c93f763,69,0.001,,,,,,,
37.84,19,23.3,61.2,No,Semi Dry,0.2037,0.9605,0.2293,0.0001,,,0.6423,0.65,"[-0.5771734118461609, 0.008238136768341064]","[0.35768836736679077, 0.6423116326332092]",,SKIP_LOW_CONF,"[-0.999636, 0.244869, 0.073711, 0.815194, 0.107464]","[0.134816, 0.134078, 0.090157, 0.070748, 0.056924]",1093.8,1.46,7.56,1103.5,cdc32a4d,8744b7f3,030c9f04,2c93f763,69,0.001,,,,,,,
27.03,19.06,23.3,61.2,No,Very Dry,0.7812,0.7277,0.02,0,1,ON,0.987,0.65,"[-2.352405548095703, 1.980051040649414]","[0.012964942492544651, 0.9870350956916809]",FALSE,ON,"[-1.036866, 0.639164, 0.23706, 0.352612, 0.091961]","[0.134816, 0.134078, 0.090157, 0.070748, 0.056924]",1094.06,1.47,7.55,1105.37,cdc32a4d,8744b7f3,030c9f04,2c93f763,69,0.001,,,,,,,
32.43,19.06,23.3,61.1,No,Semi Dry,0.4617,0.9676,0.0784,0,1,ON,0.9932,0.65,"[-2.7172088623046875, 2.2669994831085205]","[0.006798658519983292, 0.9932013154029846]",FALSE,ON,"[-1.02132, 0.47803, 0.222281, 0.599503, 0.099883]","[0.134816, 0.134078, 0.090157, 0.070748, 0.056924]",3332.2,1.48,7.52,3344.52,cdc32a4d,8744b7f3,030c9f04,2c93f763,69,0.001,,,,,,,
33.78,19.06,23.3,61.1,No,Semi Dry,0.3868,0.9926,0.1053,0,1,ON,0.8429,0.65,"[-1.1021313667297363, 0.5780690312385559]","[0.15706893801689148, 0.8429310321807861]",FALSE,ON,"[-1.016268, 0.42451, 0.197853, 0.659107, 0.10182]","[0.134816, 0.134078, 0.090157, 0.070748, 0.056924]",1091.2,1.48,7.47,1103.89,cdc32a4d,8744b7f3,030c9f04,2c93f763,69,0.001,,,,,,,
36.49,19.19,23.3,61.2,No,Semi Dry,0.2569,0.989,0.1802,0.0001,1,ON,0.8273,0.65,"[-1.066182255744934, 0.5001480579376221]","[0.1727401465177536, 0.8272597789764404]",FALSE,ON,"[-1.003364, 0.290745, 0.134666, 0.777015, 0.105016]","[0.134816, 0.134078, 0.090157, 0.070748, 0.056924]",1090.83,1.47,7.48,1104.03,cdc32a4d,8744b7f3,030c9f04,2c93f763,69,0.001,,,,,,,
36.49,19.19,23.3,61.2,No,Semi Dry,0.2569,0.989,0.1802,0.0001,1,ON,0.8273,0.65,"[-1.066182255744934, 0.5001480579376221]","[0.1727401465177536, 0.8272597789764404]",FALSE,ON,"[-1.003364, 0.290745, 0.134666, 0.777015, 0.105016]","[0.134816, 0.134078, 0.090157, 0.070748, 0.056924]",1090.31,1.47,7.64,1103.95,cdc32a4d,8744b7f3,030c9f04,2c93f763,69,0.001,,,,,,,
36.49,19.25,23.3,61.1,No,Semi Dry,0.2569,0.989,0.1802,0.0001,1,ON,0.8273,0.65,"[-1.066182255744934, 0.5001479983329773]","[0.172740176320076, 0.8272597789764404]",FALSE,ON,"[-1.002567, 0.284214, 0.139679, 0.780581, 0.104318]","[0.134816, 0.134078, 0.090157, 0.070748, 0.056924]",1089.89,1.46,7.47,1103.24,cdc32a4d,8744b7f3,030c9f04,2c93f763,69,0.001,,,,,,,
36.49,19.31,23.3,61,No,Semi Dry,0.2569,0.989,0.1802,0.0001,1,ON,0.8273,0.65,"[-1.066182255744934, 0.5001479983329773]","[0.172740176320076, 0.8272597789764404]",FALSE,ON,"[-1.001779, 0.277779, 0.144629, 0.784079, 0.10352]","[0.134816, 0.134078, 0.090157, 0.070748, 0.056924]",1090.5,1.47,7.5,1103.02,cdc32a4d,8744b7f3,030c9f04,2c93f763,69,0.001,,,,,,,
36.49,19.38,23.3,61,No,Semi Dry,0.2569,0.989,0.1802,0.0001,1,ON,0.8273,0.65,"[-1.066182255744934, 0.5001479983329773]","[0.172740176320076, 0.8272597789764404]",FALSE,ON,"[-1.000963, 0.271239, 0.149656, 0.787608, 0.103188]","[0.134816, 0.134078, 0.090157, 0.070748, 0.056924]",1090.96,1.47,14.09,1109.56,cdc32a4d,8744b7f3,030c9f04,2c93f763,69,0.001,,,,,,,
33.78,19.38,23.3,60.8,No,Semi Dry,0.3868,0.9926,0.1053,0,1,ON,0.9057,0.65,"[-1.3978854417800903, 0.8638255000114441]","[0.09434408694505692, 0.9056559205055237]",FALSE,ON,"[-1.012478, 0.393794, 0.222708, 0.675381, 0.098431]","[0.134816, 0.134078, 0.090157, 0.070748, 0.056924]",1085.34,1.5,14.23,1103.72,cdc32a4d,8744b7f3,030c9f04,2c93f763,69,0.001,,,,,,,
33.78,19.38,23.3,60.9,No,Semi Dry,0.3868,0.9926,0.1053,0,1,ON,0.9057,0.65,"[-1.3978854417800903, 0.8638255000114441]","[0.09434408694505692, 0.9056559205055237]",FALSE,ON,"[-1.012465, 0.393802, 0.222686, 0.675368, 0.099112]","[0.134816, 0.134078, 0.090157, 0.070748, 0.056924]",1085.29,1.5,13.85,1103.25,cdc32a4d,8744b7f3,030c9f04,2c93f763,69,0.001,,,,,,,
36.49,19.38,23.3,60.7,No,Semi Dry,0.2569,0.989,0.1802,0.0001,1,ON,0.8273,0.65,"[-1.066182255744934, 0.5001479983329773]","[0.172740176320076, 0.8272597789764404]",FALSE,ON,"[-1.001002, 0.271217, 0.149721, 0.787647, 0.101147]","[0.134816, 0.134078, 0.090157, 0.070748, 0.056924]",1085.6,1.51,11.47,1101.22,cdc32a4d,8744b7f3,030c9f04,2c93f763,69,0.001,,,,,,,
33.78,19.44,23.3,60.6,No,Semi Dry,0.3868,0.9926,0.1053,0,1,ON,0.9057,0.65,"[-1.3978854417800903, 0.8638255000114441]","[0.09434408694505692, 0.9056559205055237]",FALSE,ON,"[-1.011736, 0.387673, 0.227712, 0.678585, 0.096433]","[0.134816, 0.134078, 0.090157, 0.070748, 0.056924]",1088.13,1.49,7.51,1099.42,cdc32a4d,8744b7f3,030c9f04,2c93f763,69,0.001,,,,,,,
33.78,19.44,23.3,60.5,No,Semi Dry,0.3868,0.9926,0.1053,0,1,ON,0.9692,0.65,"[-2.0046684741973877, 1.4458039999008179]","[0.030754774808883667, 0.969245195388794]",FALSE,ON,"[-1.011755, 0.387662, 0.227744, 0.678604, 0.095445]","[0.134816, 0.134078, 0.090157, 0.070748, 0.056924]",1092.27,1.49,7.5,1103.91,cdc32a4d,8744b7f3,030c9f04,2c93f763,69,0.001,,,,,,,
36.49,19.44,23.3,60.4,No,Semi Dry,0.2569,0.989,0.1802,0.0001,1,ON,0.8273,0.65,"[-1.066182255744934, 0.5001478791236877]","[0.172740176320076, 0.8272597789764404]",FALSE,ON,"[-1.000252, 0.264745, 0.154775, 0.791161, 0.09786]","[0.134816, 0.134078, 0.090157, 0.070748, 0.056924]",1091.91,1.49,7.46,1103.5,cdc32a4d,8744b7f3,030c9f04,2c93f763,69,0.001,,,,,,,
33.78,19.44,23.3,60.4,No,Semi Dry,0.3868,0.9926,0.1053,0,1,ON,0.9692,0.65,"[-2.0046684741973877, 1.4458039999008179]","[0.030754774808883667, 0.969245195388794]",FALSE,ON,"[-1.011776, 0.38765, 0.227778, 0.678625, 0.094357]","[0.134816, 0.134078, 0.090157, 0.070748, 0.056924]",1092.08,1.48,7.49,1103.67,cdc32a4d,8744b7f3,030c9f04,2c93f763,69,0.001,,,,,,,
12.16,19.5,23.3,60.5,No,Very Dry,0.7355,0.0737,0.0001,0,1,ON,0.9998,0.65,"[-4.5338215827941895, 4.189498424530029]","[0.00016271948697976768, 0.9998372793197632]",FALSE,ON,"[-1.04075, 0.679038, 0.086732, -0.006673, 0.072752]","[0.134816, 0.134078, 0.090157, 0.070748, 0.056924]",1092.05,1.48,7.62,1103.84,cdc32a4d,8744b7f3,030c9f04,2c93f763,69,0.001,,,,,,,
33.78,19.44,23.3,60.6,Yes,Wet,0.3868,0.9926,0.1053,0,1,ON,0.9587,0.65,"[-1.674871802330017, 1.470380425453186]","[0.041278764605522156, 0.9587212800979614]",TRUE,OFF,"[-1.017391, 0.386375, 0.227374, 0.678878, 0.069886]","[0.134816, 0.134078, 0.090157, 0.070748, 0.056924]",1091.9,1.5,7.52,1103.45,cdc32a4d,8744b7f3,030c9f04,2c93f763,69,0.001,,,,,,,
33.78,19.44,23.3,60.4,Yes,Wet,0.3868,0.9926,0.1053,0,1,ON,0.9332,0.65,"[-1.4407590627670288, 1.1957359313964844]","[0.06682626903057098, 0.933173656463623]",TRUE,OFF,"[-1.017551, 0.386337, 0.227448, 0.678918, 0.06781]","[0.134816, 0.134078, 0.090157, 0.070748, 0.056924]",1092.01,1.48,7.55,1103.7,cdc32a4d,8744b7f3,030c9f04,2c93f763,69,0.001,,,,,,,
33.78,19.5,23.3,60.5,Yes,Wet,0.3868,0.9926,0.1053,0,1,ON,0.9332,0.65,"[-1.4407590627670288, 1.1957359313964844]","[0.06682626903057098, 0.933173656463623]",TRUE,OFF,"[-1.016677, 0.380149, 0.232452, 0.682103, 0.068564]","[0.134816, 0.134078, 0.090157, 0.070748, 0.056924]",1091.93,1.49,7.46,1103.57,cdc32a4d,8744b7f3,030c9f04,2c93f763,69,0.001,,,,,,,
33.78,19.5,23.3,60.5,Yes,Wet,0.3868,0.9926,0.1053,0,1,ON,0.9332,0.65,"[-1.4407590627670288, 1.1957359313964844]","[0.06682626903057098, 0.933173656463623]",TRUE,OFF,"[-1.016677, 0.380149, 0.232452, 0.682103, 0.068564]","[0.134816, 0.134078, 0.090157, 0.070748, 0.056924]",1091.97,1.49,7.47,1103.6,cdc32a4d,8744b7f3,030c9f04,2c93f763,69,0.001,,,,,,,
33.78,19.5,23.3,60.4,Yes,Wet,0.3868,0.9926,0.1053,0,1,ON,0.9332,0.65,"[-1.4407590627670288, 1.1957359313964844]","[0.06682626903057098, 0.933173656463623]",TRUE,OFF,"[-1.016758, 0.380129, 0.23249, 0.682124, 0.067476]","[0.134816, 0.134078, 0.090157, 0.070748, 0.056924]",1092.14,1.5,7.47,1103.49,cdc32a4d,8744b7f3,030c9f04,2c93f763,69,0.001,,,,,,,
33.78,19.44,23.3,60.2,Yes,Wet,0.3868,0.9926,0.1053,0,1,ON,0.9332,0.65,"[-1.4407590627670288, 1.1957359313964844]","[0.06682626903057098, 0.933173656463623]",TRUE,OFF,"[-1.017717, 0.386295, 0.227533, 0.678966, 0.065338]","[0.134816, 0.134078, 0.090157, 0.070748, 0.056924]",3332.17,1.48,7.51,3343.9,cdc32a4d,8744b7f3,030c9f04,2c93f763,69,0.001,,,,,,,
33.78,19.5,23.3,60.1,Yes,Wet,0.3868,0.9926,0.1053,0,1,ON,0.9332,0.65,"[-1.4407590627670288, 1.1957359313964844]","[0.06682626903057098, 0.933173656463623]",TRUE,OFF,"[-1.017011, 0.380065, 0.232623, 0.682199, 0.063623]","[0.134816, 0.134078, 0.090157, 0.070748, 0.056924]",1091.9,1.48,7.47,1103.53,cdc32a4d,8744b7f3,030c9f04,2c93f763,69,0.001,,,,,,,
33.78,19.5,23.2,59.9,Yes,Wet,0.3868,0.9926,0.1053,0,1,ON,0.9332,0.65,"[-1.4407590627670288, 1.1957359313964844]","[0.06682626903057098, 0.933173656463623]",TRUE,OFF,"[-1.02434, 0.379317, 0.232781, 0.682254, 0.060615]","[0.134816, 0.134078, 0.090157, 0.070748, 0.056924]",1092.02,1.48,7.48,1103.67,cdc32a4d,8744b7f3,030c9f04,2c93f763,69,0.001,,,,,,,
33.78,19.5,23.2,60,Yes,Wet,0.3868,0.9926,0.1053,0,1,ON,0.9332,0.65,"[-1.4407590627670288, 1.1957359313964844]","[0.06682626903057098, 0.933173656463623]",TRUE,OFF,"[-1.024251, 0.379342, 0.232728, 0.682224, 0.062185]","[0.134816, 0.134078, 0.090157, 0.070748, 0.056924]",1091.98,1.49,7.53,1103.31,cdc32a4d,8744b7f3,030c9f04,2c93f763,69,0.001,,,,,,,
33.78,19.44,23.2,60,Yes,Wet,0.3868,0.9926,0.1053,0,1,ON,0.9332,0.65,"[-1.4407590627670288, 1.1957359313964844]","[0.06682626903057098, 0.933173656463623]",TRUE,OFF,"[-1.025044, 0.38555, 0.227685, 0.679018, 0.062519]","[0.134816, 0.134078, 0.090157, 0.070748, 0.056924]",1092.36,1.49,7.44,1103.64,cdc32a4d,8744b7f3,030c9f04,2c93f763,69,0.001,,,,,,,
33.78,19.5,23.2,60,Yes,Wet,0.3868,0.9926,0.1053,0,1,ON,0.9332,0.65,"[-1.4407590627670288, 1.1957359313964844]","[0.06682626903057098, 0.933173656463623]",TRUE,OFF,"[-1.024251, 0.379342, 0.232728, 0.682224, 0.062185]","[0.134816, 0.134078, 0.090157, 0.070748, 0.056924]",3332.29,1.48,7.53,3343.63,cdc32a4d,8744b7f3,030c9f04,2c93f763,69,0.001,,,,,,,
33.78,19.56,23.2,59.9,Yes,Wet,0.3868,0.9926,0.1053,0,1,ON,0.9332,0.65,"[-1.4407588243484497, 1.1957358121871948]","[0.06682629138231277, 0.933173656463623]",TRUE,OFF,"[-1.023554, 0.373202, 0.237754, 0.685391, 0.060287]","[0.134816, 0.134078, 0.090157, 0.070748, 0.056924]",3332.06,1.46,7.49,3344.73,cdc32a4d,8744b7f3,030c9f04,2c93f763,69,0.001,,,,,,,
33.78,19.56,23.2,59.9,Yes,Wet,0.3868,0.9926,0.1053,0,1,ON,0.9332,0.65,"[-1.4407588243484497, 1.1957358121871948]","[0.06682629138231277, 0.933173656463623]",TRUE,OFF,"[-1.023554, 0.373202, 0.237754, 0.685391, 0.060287]","[0.134816, 0.134078, 0.090157, 0.070748, 0.056924]",1090.85,1.47,7.46,1102.93,cdc32a4d,8744b7f3,030c9f04,2c93f763,69,0.001,,,,,,,
33.78,19.5,23.2,59.7,Yes,Wet,0.3868,0.9926,0.1053,0,1,ON,0.9787,0.65,"[-2.047541856765747, 1.7777146100997925]","[0.021347200497984886, 0.978652834892273]",TRUE,OFF,"[-1.024521, 0.379266, 0.232896, 0.68232, 0.057203]","[0.134816, 0.134078, 0.090157, 0.070748, 0.056924]",3331.84,1.49,7.52,3344.16,cdc32a4d,8744b7f3,030c9f04,2c93f763,69,0.001,,,,,,,
33.78,19.5,23.2,59.7,Yes,Wet,0.3868,0.9926,0.1053,0,1,ON,0.9787,0.65,"[-2.047541856765747, 1.7777146100997925]","[0.021347200497984886, 0.978652834892273]",TRUE,OFF,"[-1.024521, 0.379266, 0.232896, 0.68232, 0.057203]","[0.134816, 0.134078, 0.090157, 0.070748, 0.056924]",1091.13,1.47,7.52,1103.15,cdc32a4d,8744b7f3,030c9f04,2c93f763,69,0.001,,,,,,,
33.78,19.5,23.1,59.5,Yes,Wet,0.3868,0.9926,0.1053,0,1,ON,0.9856,0.65,"[-2.2407968044281006, 1.9838680028915405]","[0.014419281855225563, 0.9855807423591614]",TRUE,OFF,"[-1.032257, 0.378472, 0.23308, 0.682389, 0.053478]","[0.134816, 0.134078, 0.090157, 0.070748, 0.056924]",3332.03,1.46,8.47,3343.91,cdc32a4d,8744b7f3,030c9f04,2c93f763,69,0.001,,,,,,,
33.78,19.5,23.2,59.5,Yes,Wet,0.3868,0.9926,0.1053,0,1,ON,0.9856,0.65,"[-2.2407968044281006, 1.9838680028915405]","[0.014419281855225563, 0.9855807423591614]",TRUE,OFF,"[-1.024707, 0.379211, 0.233022, 0.682393, 0.053439]","[0.134816, 0.134078, 0.090157, 0.070748, 0.056924]",1091.5,1.48,7.61,1103.27,cdc32a4d,8744b7f3,030c9f04,2c93f763,69,0.001,,,,,,,
33.78,19.5,23.2,59.4,Yes,Wet,0.3868,0.9926,0.1053,0,1,ON,0.9856,0.65,"[-2.2407968044281006, 1.9838680028915405]","[0.014419281855225563, 0.9855807423591614]",TRUE,OFF,"[-1.024802, 0.379182, 0.233089, 0.682432, 0.05143]","[0.134816, 0.134078, 0.090157, 0.070748, 0.056924]",1091.84,1.46,13.98,1109.38,cdc32a4d,8744b7f3,030c9f04,2c93f763,69,0.001,,,,,,,
36.49,19.44,23.2,59.3,Yes,Wet,0.2569,0.989,0.1802,0.0001,1,ON,0.986,0.65,"[-2.256028413772583, 2.0008544921875]","[0.013968512415885925, 0.9860315322875977]",TRUE,OFF,"[-1.014167, 0.262455, 0.155113, 0.791803, 0.053175]","[0.134816, 0.134078, 0.090157, 0.070748, 0.056924]",1086.09,1.48,13.82,1104,cdc32a4d,8744b7f3,030c9f04,2c93f763,69,0.001,,,,,,,
36.49,19.44,23.1,59.4,Yes,Wet,0.2569,0.989,0.1802,0.0001,1,ON,0.986,0.65,"[-2.256028413772583, 2.0008544921875]","[0.013968512415885925, 0.9860315322875977]",TRUE,OFF,"[-1.021621, 0.261747, 0.155101, 0.791759, 0.055305]","[0.134816, 0.134078, 0.090157, 0.070748, 0.056924]",1085.72,1.49,14.58,1104.46,cdc32a4d,8744b7f3,030c9f04,2c93f763,69,0.001,,,,,,,
33.78,19.5,23.1,59.4,Yes,Wet,0.3868,0.9926,0.1053,0,1,ON,0.9856,0.65,"[-2.2407968044281006, 1.9838680028915405]","[0.014419281855225563, 0.9855807423591614]",TRUE,OFF,"[-1.032352, 0.378443, 0.233147, 0.682428, 0.051469]","[0.134816, 0.134078, 0.090157, 0.070748, 0.056924]",1084.84,1.48,7.5,1096.5,cdc32a4d,8744b7f3,030c9f04,2c93f763,69,0.001,,,,,,,
36.49,19.56,23.1,59.4,Yes,Wet,0.2569,0.989,0.1802,0.0001,1,ON,0.986,0.65,"[-2.256028413772583, 2.0008544921875]","[0.013968512415885925, 0.9860315322875977]",TRUE,OFF,"[-1.019976, 0.248751, 0.165132, 0.798676, 0.054649]","[0.134816, 0.134078, 0.090157, 0.070748, 0.056924]",1092.01,1.49,7.52,1104.32,cdc32a4d,8744b7f3,030c9f04,2c93f763,69,0.001,,,,,,,
33.78,19.56,23.1,59.6,Yes,Wet,0.3868,0.9926,0.1053,0,1,ON,0.9856,0.65,"[-2.2407968044281006, 1.9838680028915405]","[0.014419281855225563, 0.9855807423591614]",TRUE,OFF,"[-1.031378, 0.372385, 0.237988, 0.685489, 0.055075]","[0.134816, 0.134078, 0.090157, 0.070748, 0.056924]",1090.93,1.45,7.54,1102.87,cdc32a4d,8744b7f3,030c9f04,2c93f763,69,0.001,,,,,,,
33.78,19.62,23.1,59.7,Yes,Wet,0.3868,0.9926,0.1053,0,1,ON,0.9787,0.65,"[-2.047541856765747, 1.7777143716812134]","[0.021347200497984886, 0.978652834892273]",TRUE,OFF,"[-1.030482, 0.366194, 0.242989, 0.688621, 0.056581]","[0.134816, 0.134078, 0.090157, 0.070748, 0.056924]",1092.09,1.49,7.55,1103.81,cdc32a4d,8744b7f3,030c9f04,2c93f763,69,0.001,,,,,,,
33.78,19.62,23.1,59.8,Yes,Wet,0.3868,0.9926,0.1053,0,1,ON,0.9787,0.65,"[-2.047541856765747, 1.7777143716812134]","[0.021347200497984886, 0.978652834892273]",TRUE,OFF,"[-1.030391, 0.36622, 0.24293, 0.688587, 0.058332]","[0.134816, 0.134078, 0.090157, 0.070748, 0.056924]",1091.89,1.49,7.55,1103.65,cdc32a4d,8744b7f3,030c9f04,2c93f763,69,0.001,,,,,,,
33.78,19.69,23.1,59.5,Yes,Wet,0.3868,0.9926,0.1053,0,1,ON,0.987,0.65,"[-2.284231424331665, 2.0474002361297607]","[0.01297550369054079, 0.9870245456695557]",TRUE,OFF,"[-1.029873, 0.360015, 0.248106, 0.691791, 0.05249]","[0.134816, 0.134078, 0.090157, 0.070748, 0.056924]",1091.93,1.49,7.51,1103.58,cdc32a4d,8744b7f3,030c9f04,2c93f763,69,0.001,,,,,,,
12.16,19.62,23.1,59.4,Yes,Wet,0.7355,0.0737,0.0001,0,1,ON,0.9995,0.65,"[-3.7387678623199463, 3.7725486755371094]","[0.0005465619033202529, 0.9994534850120544]",TRUE,OFF,"[-1.061054, 0.668723, 0.097048, -0.002718, 0.028405]","[0.134816, 0.134078, 0.090157, 0.070748, 0.056924]",1092.16,1.52,7.83,1103.96,cdc32a4d,8744b7f3,030c9f04,2c93f763,69,0.001,,,,,,,
14.86,19.81,23.1,59,Yes,Wet,0.8765,0.1317,0.0003,0,1,ON,0.9996,0.65,"[-3.8995397090911865, 3.968870162963867]","[0.0003824958694167435, 0.9996174573898315]",TRUE,OFF,"[-1.063392, 0.697223, 0.154405, 0.010428, 0.018231]","[0.134816, 0.134078, 0.090157, 0.070748, 0.056924]",1094.69,1.48,7.5,1105.96,cdc32a4d,8744b7f3,030c9f04,2c93f763,69,0.001,,,,,,,
22.97,19.88,23.1,58.8,Yes,Wet,0.9568,0.4852,0.0059,0,1,ON,0.9963,0.65,"[-2.9023826122283936, 2.703489065170288]","[0.003662749892100692, 0.9963372945785522]",TRUE,OFF,"[-1.058266, 0.650844, 0.25994, 0.211243, 0.019487]","[0.134816, 0.134078, 0.090157, 0.070748, 0.056924]",1092.33,1.49,7.52,1104.01,cdc32a4d,8744b7f3,030c9f04,2c93f763,69,0.001,,,,,,,
47.3,19.94,23,58.9,Yes,Wet,0.0241,0.4695,0.7433,0.0048,1,ON,0.9887,0.65,"[-2.363891839981079, 2.1060426235198975]","[0.011318492703139782, 0.9886815547943115]",TRUE,OFF,"[-0.974708, -0.314227, -0.231531, 0.976264, 0.044787]","[0.134816, 0.134078, 0.090157, 0.070748, 0.056924]",1091.89,1.49,7.46,1103.52,cdc32a4d,8744b7f3,030c9f04,2c93f763,69,0.001,,,,,,,
58.11,19.94,23,58.8,Yes,Wet,0.0007,0.0693,0.9528,0.0911,1,ON,0.9758,0.65,"[-1.9866002798080444, 1.708835244178772]","[0.024234723299741745, 0.9757652282714844]",TRUE,OFF,"[-0.94139, -0.679125, -0.612345, 0.618069, 0.030429]","[0.134816, 0.134078, 0.090157, 0.070748, 0.056924]",1092.07,1.49,7.42,1103.35,cdc32a4d,8744b7f3,030c9f04,2c93f763,69,0.001,,,,,,,
48.65,20.06,23,59,Yes,Wet,0.0165,0.394,0.8173,0.0073,1,ON,0.9954,0.65,"[-2.8040592670440674, 2.571352005004883]","[0.004607686307281256, 0.9953923225402832]",TRUE,OFF,"[-0.967663, -0.383937, -0.276726, 0.95484, 0.045477]","[0.134816, 0.134078, 0.090157, 0.070748, 0.056924]",1092.25,1.49,7.52,1103.9,cdc32a4d,8744b7f3,030c9f04,2c93f763,69,0.001,,,,,,,
48.65,20.12,23,59.1,Yes,Wet,0.0165,0.394,0.8173,0.0073,1,ON,0.9954,0.65,"[-2.8040592670440674, 2.571352005004883]","[0.004607686307281256, 0.9953923225402832]",TRUE,OFF,"[-0.96665, -0.390878, -0.271657, 0.958869, 0.047481]","[0.134816, 0.134078, 0.090157, 0.070748, 0.056924]",1092.03,1.51,7.52,1103.72,cdc32a4d,8744b7f3,030c9f04,2c93f763,69,0.001,,,,,,,
48.65,20.19,22.9,59.2,Yes,Wet,0.0165,0.394,0.8173,0.0073,1,ON,0.9954,0.65,"[-2.8040592670440674, 2.571352005004883]","[0.004607686307281256, 0.9953923225402832]",TRUE,OFF,"[-0.973949, -0.398498, -0.266599, 0.962787, 0.049459]","[0.134816, 0.134078, 0.090157, 0.070748, 0.056924]",3331.88,1.48,7.55,3343.56,cdc32a4d,8744b7f3,030c9f04,2c93f763,69,0.001,,,,,,,
48.65,20.19,22.9,59.4,Yes,Wet,0.0165,0.394,0.8173,0.0073,1,ON,0.985,0.65,"[-2.1972763538360596, 1.989373803138733]","[0.01496961060911417, 0.9850303530693054]",TRUE,OFF,"[-0.973756, -0.398438, -0.266741, 0.962704, 0.053721]","[0.134816, 0.134078, 0.090157, 0.070748, 0.056924]",3331.94,1.45,13.6,3349.05,cdc32a4d,8744b7f3,030c9f04,2c93f763,69,0.001,,,,,,,
45.95,20.25,22.9,59.4,Yes,Wet,0.0345,0.5493,0.6637,0.003,1,ON,0.9638,0.65,"[-1.7571088075637817, 1.5240644216537476]","[0.03622273728251457, 0.9637772440910339]",TRUE,OFF,"[-0.983341, -0.291383, -0.150806, 1.014671, 0.055256]","[0.134816, 0.134078, 0.090157, 0.070748, 0.056924]",1086.63,1.52,9.25,1099.65,cdc32a4d,8744b7f3,030c9f04,2c93f763,69,0.001,,,,,,,
47.3,20.25,22.9,59.4,Yes,Wet,0.0241,0.4695,0.7433,0.0048,1,ON,0.978,0.65,"[-1.987146019935608, 1.8063726425170898]","[0.02202042192220688, 0.9779795408248901]",TRUE,OFF,"[-0.977951, -0.349752, -0.206279, 0.996184, 0.054478]","[0.134816, 0.134078, 0.090157, 0.070748, 0.056924]",1090.51,1.49,7.52,1102.2,cdc32a4d,8744b7f3,030c9f04,2c93f763,69,0.001,,,,,,,
47.3,20.25,22.9,59.3,Yes,Wet,0.0241,0.4695,0.7433,0.0048,1,ON,0.978,0.65,"[-1.987146019935608, 1.8063726425170898]","[0.02202042192220688, 0.9779795408248901]",TRUE,OFF,"[-0.978048, -0.349781, -0.206209, 0.996224, 0.052387]","[0.134816, 0.134078, 0.090157, 0.070748, 0.056924]",1094.71,1.49,7.57,1106.43,cdc32a4d,8744b7f3,030c9f04,2c93f763,69,0.001,,,,,,,
47.3,20.25,22.9,59.3,Yes,Wet,0.0241,0.4695,0.7433,0.0048,1,ON,0.978,0.65,"[-1.987146019935608, 1.8063726425170898]","[0.02202042192220688, 0.9779795408248901]",TRUE,OFF,"[-0.978048, -0.349781, -0.206209, 0.996224, 0.052387]","[0.134816, 0.134078, 0.090157, 0.070748, 0.056924]",1089.15,1.47,7.52,1100.82,cdc32a4d,8744b7f3,030c9f04,2c93f763,69,0.001,,,,,,,
47.3,20.25,22.9,59.2,Yes,Wet,0.0241,0.4695,0.7433,0.0048,1,ON,0.9932,0.65,"[-2.5939290523529053, 2.38835072517395]","[0.006811691448092461, 0.9931882619857788]",TRUE,OFF,"[-0.978145, -0.349812, -0.206137, 0.996266, 0.050216]","[0.134816, 0.134078, 0.090157, 0.070748, 0.056924]",1091.97,1.48,7.51,1103.64,cdc32a4d,8744b7f3,030c9f04,2c93f763,69,0.001,,,,,,,
47.3,20.25,22.9,59,Yes,Wet,0.0241,0.4695,0.7433,0.0048,1,ON,0.9932,0.65,"[-2.5939290523529053, 2.38835072517395]","[0.006811691448092461, 0.9931882619857788]",TRUE,OFF,"[-0.978343, -0.349875, -0.205985, 0.996355, 0.045645]","[0.134816, 0.134078, 0.090157, 0.070748, 0.056924]",1091.95,1.47,7.54,1103.28,cdc32a4d,8744b7f3,030c9f04,2c93f763,69,0.001,,,,,,,
51.35,20.25,22.9,58.9,Yes,Wet,0.0073,0.2627,0.9356,0.0165,1,ON,0.999,0.65,"[-3.579066514968872, 3.350482940673828]","[0.0009774853242561221, 0.9990224838256836]",TRUE,OFF,"[-0.963899, -0.508718, -0.370175, 0.882095, 0.039374]","[0.134816, 0.134078, 0.090157, 0.070748, 0.056924]",1092.26,1.47,7.6,1104.02,cdc32a4d,8744b7f3,030c9f04,2c93f763,69,0.001,,,,,,,
48.65,20.25,22.9,58.9,Yes,Wet,0.0165,0.394,0.8173,0.0073,1,ON,0.9954,0.65,"[-2.8040592670440674, 2.571352005004883]","[0.004607686307281256, 0.9953923225402832]",TRUE,OFF,"[-0.97333, -0.405519, -0.261216, 0.966904, 0.042177]","[0.134816, 0.134078, 0.090157, 0.070748, 0.056924]",1091.75,1.47,7.47,1103.49,cdc32a4d,8744b7f3,030c9f04,2c93f763,69,0.001,,,,,,,
48.65,20.31,22.9,58.9,Yes,Wet,0.0165,0.394,0.8173,0.0073,1,ON,0.9954,0.65,"[-2.8040592670440674, 2.571352243423462]","[0.0046076844446361065, 0.9953923225402832]",TRUE,OFF,"[-0.972425, -0.412309, -0.256143, 0.970776, 0.041869]","[0.134816, 0.134078, 0.090157, 0.070748, 0.056924]",1092,1.48,7.5,1103.68,cdc32a4d,8744b7f3,030c9f04,2c93f763,69,0.001,,,,,,,
48.65,20.31,22.9,58.8,Yes,Wet,0.0165,0.394,0.8173,0.0073,1,ON,0.9954,0.65,"[-2.8040592670440674, 2.571352243423462]","[0.0046076844446361065, 0.9953923225402832]",TRUE,OFF,"[-0.972527, -0.412343, -0.256061, 0.970824, 0.039403]","[0.134816, 0.134078, 0.090157, 0.070748, 0.056924]",1092.04,1.5,7.51,1103.37,cdc32a4d,8744b7f3,030c9f04,2c93f763,69,0.001,,,,,,,
48.65,20.31,22.9,58.7,Yes,Wet,0.0165,0.394,0.8173,0.0073,1,ON,0.9954,0.65,"[-2.8040592670440674, 2.571352243423462]","[0.0046076844446361065, 0.9953923225402832]",TRUE,OFF,"[-0.972629, -0.412377, -0.255977, 0.970873, 0.036869]","[0.134816, 0.134078, 0.090157, 0.070748, 0.056924]",1092.3,1.49,7.58,1103.97,cdc32a4d,8744b7f3,030c9f04,2c93f763,69,0.001,,,,,,,
48.65,20.31,22.9,58.8,Yes,Wet,0.0165,0.394,0.8173,0.0073,1,ON,0.9954,0.65,"[-2.8040592670440674, 2.571352243423462]","[0.0046076844446361065, 0.9953923225402832]",TRUE,OFF,"[-0.972527, -0.412343, -0.256061, 0.970824, 0.039403]","[0.134816, 0.134078, 0.090157, 0.070748, 0.056924]",1091.94,1.49,7.66,1103.7,cdc32a4d,8744b7f3,030c9f04,2c93f763,69,0.001,,,,,,,
48.65,20.25,22.9,58.5,Yes,Wet,0.0165,0.394,0.8173,0.0073,1,ON,0.9954,0.65,"[-2.8040592670440674, 2.571352005004883]","[0.004607686307281256, 0.9953923225402832]",TRUE,OFF,"[-0.973743, -0.405657, -0.260875, 0.967102, 0.031917]","[0.134816, 0.134078, 0.090157, 0.070748, 0.056924]",1091.78,1.49,7.49,1103.13,cdc32a4d,8744b7f3,030c9f04,2c93f763,69,0.001,,,,,,,
48.65,20.31,22.9,58.6,Yes,Wet,0.0165,0.394,0.8173,0.0073,1,ON,0.9954,0.65,"[-2.8040592670440674, 2.571352243423462]","[0.0046076844446361065, 0.9953923225402832]",TRUE,OFF,"[-0.972733, -0.412412, -0.255891, 0.970923, 0.03427]","[0.134816, 0.134078, 0.090157, 0.070748, 0.056924]",1092.27,1.48,7.52,1103.93,cdc32a4d,8744b7f3,030c9f04,2c93f763,69,0.001,,,,,,,
59.46,20.31,22.9,58.5,Yes,Wet,0.0004,0.0502,0.9053,0.1213,1,ON,0.9558,0.65,"[-1.6841363906860352, 1.3904366493225098]","[0.04416836425662041, 0.9558316469192505]",TRUE,OFF,"[-0.94257, -0.742811, -0.605201, 0.599205, 0.019285]","[0.134816, 0.134078, 0.090157, 0.070748, 0.056924]",1091.95,1.48,7.66,1103.77,cdc32a4d,8744b7f3,030c9f04,2c93f763,69,0.001,,,,,,,
47.3,20.31,22.8,58.4,Yes,Wet,0.0241,0.4695,0.7433,0.0048,1,ON,0.9547,0.65,"[-1.6587709188461304, 1.388771653175354]","[0.0453236885368824, 0.9546763300895691]",TRUE,OFF,"[-0.986703, -0.357771, -0.200334, 1.000511, 0.030003]","[0.134816, 0.134078, 0.090157, 0.070748, 0.056924]",1091.79,1.49,7.56,1103.49,cdc32a4d,8744b7f3,030c9f04,2c93f763,69,0.001,,,,,,,
51.35,20.25,22.9,58.4,Yes,Wet,0.0073,0.2627,0.9356,0.0165,1,ON,0.999,0.65,"[-3.579066514968872, 3.350482940673828]","[0.0009774853242561221, 0.9990224838256836]",TRUE,OFF,"[-0.964416, -0.508892, -0.369744, 0.882345, 0.026392]","[0.134816, 0.134078, 0.090157, 0.070748, 0.056924]",1092.04,1.48,7.53,1103.35,cdc32a4d,8744b7f3,030c9f04,2c93f763,69,0.001,,,,,,,
48.65,20.25,22.8,58.4,Yes,Wet,0.0165,0.394,0.8173,0.0073,1,ON,0.9954,0.65,"[-2.8040592670440674, 2.571352243423462]","[0.0046076844446361065, 0.9953923225402832]",TRUE,OFF,"[-0.9825, -0.40654, -0.260717, 0.967151, 0.029238]","[0.134816, 0.134078, 0.090157, 0.070748, 0.056924]",1092.2,1.48,7.5,1103.82,cdc32a4d,8744b7f3,030c9f04,2c93f763,69,0.001,,,,,,,
48.65,20.25,22.8,58.6,Yes,Wet,0.0165,0.394,0.8173,0.0073,1,ON,0.9954,0.65,"[-2.8040592670440674, 2.571352243423462]","[0.0046076844446361065, 0.9953923225402832]",TRUE,OFF,"[-0.98229, -0.406468, -0.260896, 0.967047, 0.034622]","[0.134816, 0.134078, 0.090157, 0.070748, 0.056924]",1092.03,1.48,7.47,1103.64,cdc32a4d,8744b7f3,030c9f04,2c93f763,69,0.001,,,,,,,
48.65,20.25,22.8,58.6,Yes,Wet,0.0165,0.394,0.8173,0.0073,1,ON,0.9954,0.65,"[-2.8040592670440674, 2.571352243423462]","[0.0046076844446361065, 0.9953923225402832]",TRUE,OFF,"[-0.98229, -0.406468, -0.260896, 0.967047, 0.034622]","[0.134816, 0.134078, 0.090157, 0.070748, 0.056924]",1091.98,1.48,7.51,1103.62,cdc32a4d,8744b7f3,030c9f04,2c93f763,69,0.001,,,,,,,
48.65,20.19,22.7,58.4,Yes,Wet,0.0165,0.394,0.8173,0.0073,1,ON,0.9954,0.65,"[-2.8040592670440674, 2.571352243423462]","[0.0046076844446361065, 0.9953923225402832]",TRUE,OFF,"[-0.992405, -0.400494, -0.265799, 0.963165, 0.029598]","[0.134816, 0.134078, 0.090157, 0.070748, 0.056924]",1091.98,1.48,7.5,1103.64,cdc32a4d,8744b7f3,030c9f04,2c93f763,69,0.001,,,,,,,
48.65,20.19,22.7,58.3,Yes,Wet,0.0165,0.394,0.8173,0.0073,1,ON,0.9954,0.65,"[-2.8040592670440674, 2.571352243423462]","[0.0046076844446361065, 0.9953923225402832]",TRUE,OFF,"[-0.992511, -0.400531, -0.265707, 0.963218, 0.026819]","[0.134816, 0.134078, 0.090157, 0.070748, 0.056924]",1091.94,1.47,7.56,1103.27,cdc32a4d,8744b7f3,030c9f04,2c93f763,69,0.001,,,,,,,
48.65,20.19,22.7,58.6,Yes,Wet,0.0165,0.394,0.8173,0.0073,1,ON,0.9954,0.65,"[-2.8040592670440674, 2.571352243423462]","[0.0046076844446361065, 0.9953923225402832]",TRUE,OFF,"[-0.992196, -0.400423, -0.265978, 0.963061, 0.034981]","[0.134816, 0.134078, 0.090157, 0.070748, 0.056924]",1092.28,1.48,7.5,1103.94,cdc32a4d,8744b7f3,030c9f04,2c93f763,69,0.001,,,,,,,
48.65,20.19,22.7,58.8,Yes,Wet,0.0165,0.394,0.8173,0.0073,1,ON,0.9954,0.65,"[-2.8040592670440674, 2.571352243423462]","[0.0046076844446361065, 0.9953923225402832]",TRUE,OFF,"[-0.991989, -0.400354, -0.266149, 0.962962, 0.040114]","[0.134816, 0.134078, 0.090157, 0.070748, 0.056924]",1091.99,1.48,7.48,1103.86,cdc32a4d,8744b7f3,030c9f04,2c93f763,69,0.001,,,,,,,
48.65,20.19,22.7,58.7,Yes,Wet,0.0165,0.394,0.8173,0.0073,1,ON,0.9954,0.65,"[-2.8040592670440674, 2.571352243423462]","[0.0046076844446361065, 0.9953923225402832]",TRUE,OFF,"[-0.992092, -0.400388, -0.266065, 0.963011, 0.03758]","[0.134816, 0.134078, 0.090157, 0.070748, 0.056924]",1091.92,1.46,7.5,1103.51,cdc32a4d,8744b7f3,030c9f04,2c93f763,69,0.001,,,,,,,
29.73,20.19,22.7,59.1,No,Semi Dry,0.6229,0.8703,0.0411,0,1,ON,0.9686,0.65,"[-1.9760003089904785, 1.4535616636276245]","[0.031384240835905075, 0.9686157703399658]",FALSE,ON,"[-1.065786, 0.463258, 0.336241, 0.525339, 0.061971]","[0.134816, 0.134078, 0.090157, 0.070748, 0.056924]",1094.64,1.46,7.61,1105.96,cdc32a4d,8744b7f3,030c9f04,2c93f763,69,0.001,,,,,,,
52.7,20.12,22.7,59,No,Moist,0.0048,0.2087,0.974,0.0241,1,ON,0.9973,0.65,"[-3.2434797286987305, 2.652769088745117]","[0.002742200158536434, 0.9972578883171082]",TRUE,OFF,"[-0.972308, -0.543239, -0.432278, 0.823551, 0.067433]","[0.134816, 0.134078, 0.090157, 0.070748, 0.056924]",1092.33,1.49,7.51,1103.99,cdc32a4d,8744b7f3,030c9f04,2c93f763,69,0.001,,,,,,,
51.35,20.12,22.7,58.6,No,Moist,0.0073,0.2627,0.9356,0.0165,1,ON,0.9804,0.65,"[-2.2641632556915283, 1.6505485773086548]","[0.01955621875822544, 0.9804437160491943]",TRUE,OFF,"[-0.976839, -0.495676, -0.379737, 0.874099, 0.05904]","[0.134816, 0.134078, 0.090157, 0.070748, 0.056924]",1091.99,1.46,7.57,1103.45,cdc32a4d,8744b7f3,030c9f04,2c93f763,69,0.001,,,,,,,
51.35,20.06,22.7,58.5,No,Moist,0.0073,0.2627,0.9356,0.0165,1,ON,0.9804,0.65,"[-2.2641632556915283, 1.6505485773086548]","[0.01955621875822544, 0.9804437160491943]",TRUE,OFF,"[-0.977788, -0.488894, -0.384797, 0.870122, 0.056698]","[0.134816, 0.134078, 0.090157, 0.070748, 0.056924]",1092.14,1.46,7.57,1103.37,cdc32a4d,8744b7f3,030c9f04,2c93f763,69,0.001,,,,,,,
51.35,20.06,22.7,58.1,No,Moist,0.0073,0.2627,0.9356,0.0165,1,ON,0.9804,0.65,"[-2.2641632556915283, 1.6505485773086548]","[0.01955621875822544, 0.9804437160491943]",TRUE,OFF,"[-0.978004, -0.489014, -0.384438, 0.870337, 0.045477]","[0.134816, 0.134078, 0.090157, 0.070748, 0.056924]",1094.79,1.48,7.51,1106.02,cdc32a4d,8744b7f3,030c9f04,2c93f763,69,0.001,,,,,,,
48.65,20.06,22.7,58.1,No,Moist,0.0165,0.394,0.8173,0.0073,1,ON,0.9389,0.65,"[-1.636627197265625, 1.095788836479187]","[0.061087433248758316, 0.938912570476532]",TRUE,OFF,"[-0.987486, -0.385315, -0.275482, 0.954993, 0.048276]","[0.134816, 0.134078, 0.090157, 0.070748, 0.056924]",1092.17,1.45,7.55,1103.52,cdc32a4d,8744b7f3,030c9f04,2c93f763,69,0.001,,,,,,,
48.65,20.06,22.7,58.1,No,Moist,0.0165,0.394,0.8173,0.0073,1,ON,0.9389,0.65,"[-1.636627197265625, 1.095788836479187]","[0.061087433248758316, 0.938912570476532]",TRUE,OFF,"[-0.987486, -0.385315, -0.275482, 0.954993, 0.048276]","[0.134816, 0.134078, 0.090157, 0.070748, 0.056924]",1094.65,1.46,7.55,1105.98,cdc32a4d,8744b7f3,030c9f04,2c93f763,69,0.001,,,,,,,
29.73,20,22.7,58.4,No,Semi Dry,0.6229,0.8703,0.0411,0,1,ON,0.9793,0.65,"[-2.1671524047851562, 1.6887078285217285]","[0.020717119798064232, 0.9792829155921936]",FALSE,ON,"[-1.068459, 0.479883, 0.321658, 0.518135, 0.045245]","[0.134816, 0.134078, 0.090157, 0.070748, 0.056924]",3334.67,1.49,7.48,3346.01,cdc32a4d,8744b7f3,030c9f04,2c93f763,69,0.001,,,,,,,
48.65,20.06,22.8,58.2,No,Moist,0.0165,0.394,0.8173,0.0073,1,ON,0.921,0.65,"[-1.5191766023635864, 0.9364121556282043]","[0.07903080433607101, 0.9209691882133484]",TRUE,OFF,"[-0.978443, -0.384404, -0.275645, 0.954941, 0.051117]","[0.134816, 0.134078, 0.090157, 0.070748, 0.056924]",1092.25,1.5,7.54,1103.77,cdc32a4d,8744b7f3,030c9f04,2c93f763,69,0.001,,,,,,,
47.3,20.06,22.8,58.1,No,Moist,0.0241,0.4695,0.7433,0.0048,1,ON,0.921,0.65,"[-1.5191766023635864, 0.9364121556282043]","[0.07903080433607101, 0.9209691882133484]",TRUE,OFF,"[-0.983628, -0.32868, -0.22024, 0.98454, 0.049302]","[0.134816, 0.134078, 0.090157, 0.070748, 0.056924]",1092.12,1.46,7.6,1103.46,cdc32a4d,8744b7f3,030c9f04,2c93f763,69,0.001,,,,,,,
47.3,20.06,22.8,57.8,No,Moist,0.0241,0.4695,0.7433,0.0048,1,ON,0.921,0.65,"[-1.5191766023635864, 0.9364121556282043]","[0.07903080433607101, 0.9209691882133484]",TRUE,OFF,"[-0.9838, -0.328776, -0.219951, 0.984711, 0.040359]","[0.134816, 0.134078, 0.090157, 0.070748, 0.056924]",1092.4,1.5,7.52,1104.07,cdc32a4d,8744b7f3,030c9f04,2c93f763,69,0.001,,,,,,,
51.35,20.06,22.8,57.3,No,Moist,0.0073,0.2627,0.9356,0.0165,1,ON,0.9804,0.65,"[-2.2641632556915283, 1.6505485773086548]","[0.01955621875822544, 0.9804437160491943]",TRUE,OFF,"[-0.969491, -0.488402, -0.383708, 0.870813, 0.020797]","[0.134816, 0.134078, 0.090157, 0.070748, 0.056924]",3331.83,1.46,7.6,3343.17,cdc32a4d,8744b7f3,030c9f04,2c93f763,69,0.001,,,,,,,
18.92,20.06,22.8,57.4,No,Very Dry,0.9942,0.2744,0.0015,0,1,ON,0.9993,0.65,"[-3.8927500247955322, 3.3484294414520264]","[0.0007159532979130745, 0.9992840886116028]",FALSE,ON,"[-1.080252, 0.683917, 0.227518, 0.085236, 0.000181]","[0.134816, 0.134078, 0.090157, 0.070748, 0.056924]",1092.37,1.49,7.48,1103.76,cdc32a4d,8744b7f3,030c9f04,2c93f763,69,0.001,,,,,,,
77.03,20.88,22.7,57.6,No,Wet,0,0.0001,0.0884,0.9568,0,OFF,0.8261,0.65,"[0.608579695224762, -0.9497895836830139]","[0.8261192440986633, 0.17388077080249786]",TRUE,OFF,"[-0.948065, -0.754495, -0.410008, 0.400096, 0.007385]","[0.134816, 0.134078, 0.090157, 0.070748, 0.056924]",1092.25,1.5,7.51,1103.89,cdc32a4d,8744b7f3,030c9f04,2c93f763,69,0.001,,,,,,,
70.27,20.81,22.7,57.8,No,Wet,0,0.002,0.3116,0.6229,0,OFF,0.7808,0.65,"[0.47186723351478577, -0.7982341647148132]","[0.7807600498199463, 0.21923987567424774]",TRUE,OFF,"[-0.941691, -0.832342, -0.52206, 0.444451, 0.014741]","[0.134816, 0.134078, 0.090157, 0.070748, 0.056924]",1091.81,1.46,13.96,1109.35,cdc32a4d,8744b7f3,030c9f04,2c93f763,69,0.001,,,,,,,
70.27,20.75,22.7,57.8,No,Wet,0,0.002,0.3116,0.6229,0,OFF,0.7808,0.65,"[0.47186723351478577, -0.7982341647148132]","[0.7807600498199463, 0.21923987567424774]",TRUE,OFF,"[-0.942283, -0.829078, -0.527023, 0.445039, 0.015057]","[0.134816, 0.134078, 0.090157, 0.070748, 0.056924]",1086.18,1.49,14.25,1104.32,cdc32a4d,8744b7f3,030c9f04,2c93f763,69,0.001,,,,,,,
70.27,20.75,22.7,57.2,No,Wet,0,0.002,0.3116,0.6229,0,OFF,0.7808,0.65,"[0.471867173910141, -0.7982341647148132]","[0.7807600498199463, 0.21923990547657013]",TRUE,OFF,"[-0.942646, -0.829283, -0.526405, 0.445401, -0.003869]","[0.134816, 0.134078, 0.090157, 0.070748, 0.056924]",1085.42,1.49,7.88,1097.14,cdc32a4d,8744b7f3,030c9f04,2c93f763,69,0.001,,,,,,,
70.27,20.69,22.7,56.8,No,Wet,0,0.002,0.3116,0.6229,0,OFF,0.7808,0.65,"[0.471867173910141, -0.7982341647148132]","[0.7807600498199463, 0.21923990547657013]",TRUE,OFF,"[-0.9435, -0.826064, -0.531014, 0.446145, -0.016701]","[0.134816, 0.134078, 0.090157, 0.070748, 0.056924]",1091.91,1.49,7.5,1103.51,cdc32a4d,8744b7f3,030c9f04,2c93f763,69,0.001,,,,,,,
70.27,20.75,22.7,56.3,No,Wet,0,0.002,0.3116,0.6229,,,0.6265,0.65,"[0.07972550392150879, -0.43763402104377747]","[0.626530110836029, 0.37346988916397095]",,SKIP_LOW_CONF,"[-0.943219, -0.829611, -0.525404, 0.445972, -0.033786]","[0.134816, 0.134078, 0.090157, 0.070748, 0.056924]",1091.93,1.49,7.56,1101.59,cdc32a4d,8744b7f3,030c9f04,2c93f763,69,0.001,,,,,,,
70.27,20.69,22.7,56.1,No,Wet,0,0.002,0.3116,0.6229,,,0.6265,0.65,"[0.07972542196512222, -0.43763411045074463]","[0.626530110836029, 0.37346982955932617]",,SKIP_LOW_CONF,"[-0.943949, -0.826322, -0.530218, 0.446592, -0.040206]","[0.134816, 0.134078, 0.090157, 0.070748, 0.056924]",1093.8,1.47,7.71,1103.68,cdc32a4d,8744b7f3,030c9f04,2c93f763,69,0.001,,,,,,,
70.27,20.69,22.7,56.4,No,Wet,0,0.002,0.3116,0.6229,,,0.6265,0.65,"[0.07972550392150879, -0.43763402104377747]","[0.626530110836029, 0.37346988916397095]",,SKIP_LOW_CONF,"[-0.943756, -0.826211, -0.530564, 0.4464, -0.030095]","[0.134816, 0.134078, 0.090157, 0.070748, 0.056924]",1093.76,1.48,7.49,1103.31,cdc32a4d,8744b7f3,030c9f04,2c93f763,69,0.001,,,,,,,
70.27,20.69,22.7,57.1,No,Wet,0,0.002,0.3116,0.6229,0,OFF,0.7808,0.65,"[0.471867173910141, -0.7982341647148132]","[0.7807600498199463, 0.21923990547657013]",TRUE,OFF,"[-0.94331, -0.825955, -0.531343, 0.445956, -0.006803]","[0.134816, 0.134078, 0.090157, 0.070748, 0.056924]",1093.83,1.48,7.54,1105.27,cdc32a4d,8744b7f3,030c9f04,2c93f763,69,0.001,,,,,,,
81.08,20.62,22.7,57.5,No,Wet,0,0,0.0333,0.9942,,,0.5258,0.65,"[-0.24422597885131836, -0.14093415439128876]","[0.47419995069503784, 0.5257999897003174]",,SKIP_LOW_CONF,"[-0.958105, -0.658402, -0.346677, 0.411158, 0.007277]","[0.134816, 0.134078, 0.090157, 0.070748, 0.056924]",1092.29,1.48,7.51,1101.9,cdc32a4d,8744b7f3,030c9f04,2c93f763,69,0.001,,,,,,,
70.27,20.62,22.7,57.7,No,Wet,0,0.002,0.3116,0.6229,0,OFF,0.7808,0.65,"[0.47186723351478577, -0.7982341647148132]","[0.7807600498199463, 0.21923987567424774]",TRUE,OFF,"[-0.943536, -0.822392, -0.536936, 0.445972, 0.012633]","[0.134816, 0.134078, 0.090157, 0.070748, 0.056924]",1093.87,1.47,7.65,1105.3,cdc32a4d,8744b7f3,030c9f04,2c93f763,69,0.001,,,,,,,
67.57,20.62,22.7,57.5,No,Wet,0,0.005,0.454,0.4617,1,ON,0.7823,0.65,"[-0.8549506664276123, 0.4242725074291229]","[0.21768249571323395, 0.7823175191879272]",TRUE,OFF,"[-0.943362, -0.830575, -0.570733, 0.472128, 0.007927]","[0.134816, 0.134078, 0.090157, 0.070748, 0.056924]",1092.24,1.49,7.54,1103.91,cdc32a4d,8744b7f3,030c9f04,2c93f763,69,0.001,,,,,,,
68.92,20.56,22.7,57.5,No,Wet,0,0.0032,0.3796,0.5412,,,0.5434,0.65,"[-0.08606827259063721, -0.26017192006111145]","[0.5434162616729736, 0.4565836787223816]",,SKIP_LOW_CONF,"[-0.943992, -0.824287, -0.559534, 0.458366, 0.007419]","[0.134816, 0.134078, 0.090157, 0.070748, 0.056924]",1091.9,1.45,11.14,1105.11,cdc32a4d,8744b7f3,030c9f04,2c93f763,69,0.001,,,,,,,
68.92,20.56,22.6,57.2,No,Wet,0,0.0032,0.3796,0.5412,,,0.5434,0.65,"[-0.08606827259063721, -0.26017192006111145]","[0.5434162616729736, 0.4565836787223816]",,SKIP_LOW_CONF,"[-0.953482, -0.825302, -0.559146, 0.458547, -0.002147]","[0.134816, 0.134078, 0.090157, 0.070748, 0.056924]",1090.45,1.46,7.59,1100.02,cdc32a4d,8744b7f3,030c9f04,2c93f763,69,0.001,,,,,,,
68.92,20.5,22.6,56.9,No,Wet,0,0.0032,0.3796,0.5412,,,0.5434,0.65,"[-0.08606827259063721, -0.26017192006111145]","[0.5434162616729736, 0.4565836787223816]",,SKIP_LOW_CONF,"[-0.954287, -0.821724, -0.563801, 0.458542, -0.011662]","[0.134816, 0.134078, 0.090157, 0.070748, 0.056924]",1094.1,1.46,7.58,1103.72,cdc32a4d,8744b7f3,030c9f04,2c93f763,69,0.001,,,,,,,
68.92,20.5,22.6,57,No,Wet,0,0.0032,0.3796,0.5412,,,0.5434,0.65,"[-0.08606827259063721, -0.26017192006111145]","[0.5434162616729736, 0.4565836787223816]",,SKIP_LOW_CONF,"[-0.954224, -0.821688, -0.563911, 0.458479, -0.008362]","[0.134816, 0.134078, 0.090157, 0.070748, 0.056924]",1093.65,1.47,7.59,1103.31,cdc32a4d,8744b7f3,030c9f04,2c93f763,69,0.001,,,,,,,
67.57,20.44,22.6,57.4,No,Wet,0,0.005,0.454,0.4617,1,ON,0.7681,0.65,"[-0.8062404990196228, 0.39131996035575867]","[0.23190948367118835, 0.7680904865264893]",TRUE,OFF,"[-0.954671, -0.819599, -0.58569, 0.470468, 0.005774]","[0.134816, 0.134078, 0.090157, 0.070748, 0.056924]",1093.87,1.46,13.85,1111.24,cdc32a4d,8744b7f3,030c9f04,2c93f763,69,0.001,,,,,,,
64.86,20.5,22.6,57.5,No,Moist,0,0.0116,0.6147,0.3181,1,ON,0.9543,0.65,"[-1.7643626928329468, 1.2750201225280762]","[0.04567806050181389, 0.9543219208717346]",TRUE,OFF,"[-0.954903, -0.818548, -0.605405, 0.502225, 0.010585]","[0.134816, 0.134078, 0.090157, 0.070748, 0.056924]",1086.44,1.48,16.07,1106.29,cdc32a4d,8744b7f3,030c9f04,2c93f763,69,0.001,,,,,,,
67.57,20.44,22.6,57.4,No,Wet,0,0.005,0.454,0.4617,1,ON,0.7681,0.65,"[-0.8062404990196228, 0.39131996035575867]","[0.23190948367118835, 0.7680904865264893]",TRUE,OFF,"[-0.954671, -0.819599, -0.58569, 0.470468, 0.005774]","[0.134816, 0.134078, 0.090157, 0.070748, 0.056924]",1083.73,1.47,13.49,1101.26,cdc32a4d,8744b7f3,030c9f04,2c93f763,69,0.001,,,,,,,
68.92,20.44,22.6,57.5,No,Wet,0,0.0032,0.3796,0.5412,,,0.5434,0.65,"[-0.08606823533773422, -0.2601720094680786]","[0.5434163212776184, 0.4565836787223816]",,SKIP_LOW_CONF,"[-0.954542, -0.817719, -0.569503, 0.457872, 0.008119]","[0.134816, 0.134078, 0.090157, 0.070748, 0.056924]",1085.96,1.46,14.32,1102.27,cdc32a4d,8744b7f3,030c9f04,2c93f763,69,0.001,,,,,,,
68.92,20.44,22.6,56.9,No,Wet,0,0.0032,0.3796,0.5412,,,0.5434,0.65,"[-0.08606827259063721, -0.26017192006111145]","[0.5434162616729736, 0.4565836787223816]",,SKIP_LOW_CONF,"[-0.954915, -0.81793, -0.568862, 0.458244, -0.011331]","[0.134816, 0.134078, 0.090157, 0.070748, 0.056924]",1087.29,1.46,14.03,1103.3,cdc32a4d,8744b7f3,030c9f04,2c93f763,69,0.001,,,,,,,
68.92,20.44,22.6,56.6,No,Wet,0,0.0032,0.3796,0.5412,,,0.5434,0.65,"[-0.08606827259063721, -0.26017192006111145]","[0.5434162616729736, 0.4565836787223816]",,SKIP_LOW_CONF,"[-0.955106, -0.81804, -0.568528, 0.458434, -0.021325]","[0.134816, 0.134078, 0.090157, 0.070748, 0.056924]",1090.22,1.5,12.35,1104.68,cdc32a4d,8744b7f3,030c9f04,2c93f763,69,0.001,,,,,,,
68.92,20.38,22.6,56.6,No,Wet,0,0.0032,0.3796,0.5412,,,0.5434,0.65,"[-0.08606827259063721, -0.26017192006111145]","[0.5434162616729736, 0.4565836787223816]",,SKIP_LOW_CONF,"[-0.955724, -0.814259, -0.573509, 0.458042, -0.020998]","[0.134816, 0.134078, 0.090157, 0.070748, 0.056924]",1086.34,1.5,7.52,1095.89,cdc32a4d,8744b7f3,030c9f04,2c93f763,69,0.001,,,,,,,
67.57,20.38,22.6,56.7,No,Wet,0,0.005,0.454,0.4617,1,ON,0.7823,0.65,"[-0.8549506068229675, 0.42427217960357666]","[0.21768255531787872, 0.7823173999786377]",TRUE,OFF,"[-0.955753, -0.81582, -0.589922, 0.470142, -0.016825]","[0.134816, 0.134078, 0.090157, 0.070748, 0.056924]",1093.87,1.46,7.56,1105.21,cdc32a4d,8744b7f3,030c9f04,2c93f763,69,0.001,,,,,,,
68.92,20.38,22.6,56.7,No,Wet,0,0.0032,0.3796,0.5412,,,0.5434,0.65,"[-0.08606827259063721, -0.26017192006111145]","[0.5434162616729736, 0.4565836787223816]",,SKIP_LOW_CONF,"[-0.95566, -0.814222, -0.573621, 0.457979, -0.017653]","[0.134816, 0.134078, 0.090157, 0.070748, 0.056924]",1092.29,1.46,7.56,1101.92,cdc32a4d,8744b7f3,030c9f04,2c93f763,69,0.001,,,,,,,
60.81,20.38,22.6,57,No,Moist,0.0002,0.0358,0.8447,0.1586,1,ON,0.9971,0.65,"[-3.1511356830596924, 2.674179792404175]","[0.0029431849252432585, 0.9970568418502808]",TRUE,OFF,"[-0.960633, -0.771951, -0.613512, 0.569275, -0.001348]","[0.134816, 0.134078, 0.090157, 0.070748, 0.056924]",1093.97,1.45,7.56,1105.25,cdc32a4d,8744b7f3,030c9f04,2c93f763,69,0.001,,,,,,,
55.41,20.38,22.6,57.4,No,Moist,0.0019,0.1247,0.9992,0.0486,1,ON,0.9998,0.65,"[-4.637810230255127, 4.110561847686768]","[0.00015869431081227958, 0.9998413324356079]",TRUE,OFF,"[-0.971283, -0.655251, -0.504278, 0.735126, 0.017598]","[0.134816, 0.134078, 0.090157, 0.070748, 0.056924]",1092.31,1.48,7.5,1103.99,cdc32a4d,8744b7f3,030c9f04,2c93f763,69,0.001,,,,,,,
66.22,20.38,22.6,57.4,No,Moist,0,0.0077,0.5331,0.3868,1,ON,0.7823,0.65,"[-0.8549506068229675, 0.42427217960357666]","[0.21768255531787872, 0.7823173999786377]",TRUE,OFF,"[-0.955689, -0.814155, -0.604728, 0.483458, 0.007034]","[0.134816, 0.134078, 0.090157, 0.070748, 0.056924]",1091.84,1.48,7.53,1103.56,cdc32a4d,8744b7f3,030c9f04,2c93f763,69,0.001,,,,,,,
67.57,20.31,22.6,57,No,Wet,0,0.005,0.454,0.4617,,,0.6007,0.65,"[-0.38883480429649353, 0.019561290740966797]","[0.39929676055908203, 0.600703239440918]",,SKIP_LOW_CONF,"[-0.956215, -0.811568, -0.595326, 0.469077, -0.006542]","[0.134816, 0.134078, 0.090157, 0.070748, 0.056924]",1091.97,1.53,7.5,1101.57,cdc32a4d,8744b7f3,030c9f04,2c93f763,69,0.001,,,,,,,
67.57,20.31,22.6,56.8,No,Wet,0,0.005,0.454,0.4617,,,0.6007,0.65,"[-0.38883480429649353, 0.019561290740966797]","[0.39929676055908203, 0.600703239440918]",,SKIP_LOW_CONF,"[-0.956342, -0.81164, -0.595106, 0.469203, -0.01316]","[0.134816, 0.134078, 0.090157, 0.070748, 0.056924]",1093.89,1.5,7.55,1103.57,cdc32a4d,8744b7f3,030c9f04,2c93f763,69,0.001,,,,,,,
64.86,20.31,22.6,56.7,No,Moist,0,0.0116,0.6147,0.3181,1,ON,0.9211,0.65,"[-1.4686084985733032, 0.9892637133598328]","[0.07886477559804916, 0.9211351871490479]",TRUE,OFF,"[-0.9575, -0.805081, -0.61974, 0.498223, -0.014537]","[0.134816, 0.134078, 0.090157, 0.070748, 0.056924]",1093.89,1.48,7.58,1105.64,cdc32a4d,8744b7f3,030c9f04,2c93f763,69,0.001,,,,,,,
67.57,20.31,22.6,57,No,Wet,0,0.005,0.454,0.4617,,,0.6007,0.65,"[-0.38883480429649353, 0.019561290740966797]","[0.39929676055908203, 0.600703239440918]",,SKIP_LOW_CONF,"[-0.956215, -0.811568, -0.595326, 0.469077, -0.006542]","[0.134816, 0.134078, 0.090157, 0.070748, 0.056924]",1091.78,1.46,7.59,1101.44,cdc32a4d,8744b7f3,030c9f04,2c93f763,69,0.001,,,,,,,
63.51,20.25,22.6,57.2,No,Moist,0.0001,0.0172,0.696,0.2569,1,ON,0.9704,0.65,"[-1.971273422241211, 1.517134666442871]","[0.029643861576914787, 0.9703561663627625]",TRUE,OFF,"[-0.95891, -0.791455, -0.631293, 0.514503, 0.00338]","[0.134816, 0.134078, 0.090157, 0.070748, 0.056924]",1093.87,1.49,7.51,1105.35,cdc32a4d,8744b7f3,030c9f04,2c93f763,69,0.001,,,,,,,
63.51,20.31,22.6,57.3,No,Moist,0.0001,0.0172,0.696,0.2569,1,ON,0.9832,0.65,"[-2.2670276165008545, 1.8028908967971802]","[0.016791990026831627, 0.9832080006599426]",TRUE,OFF,"[-0.958131, -0.796303, -0.626378, 0.516446, 0.006289]","[0.134816, 0.134078, 0.090157, 0.070748, 0.056924]",1094.89,1.49,7.49,1106.55,cdc32a4d,8744b7f3,030c9f04,2c93f763,69,0.001,,,,,,,
63.51,20.31,22.6,57.3,No,Moist,0.0001,0.0172,0.696,0.2569,1,ON,0.9832,0.65,"[-2.2670276165008545, 1.8028908967971802]","[0.016791990026831627, 0.9832080006599426]",TRUE,OFF,"[-0.958131, -0.796303, -0.626378, 0.516446, 0.006289]","[0.134816, 0.134078, 0.090157, 0.070748, 0.056924]",1089.28,1.48,7.5,1100.73,cdc32a4d,8744b7f3,030c9f04,2c93f763,69,0.001,,,,,,,
63.51,20.25,22.6,57.2,No,Moist,0.0001,0.0172,0.696,0.2569,1,ON,0.9704,0.65,"[-1.971273422241211, 1.517134666442871]","[0.029643861576914787, 0.9703561663627625]",TRUE,OFF,"[-0.95891, -0.791455, -0.631293, 0.514503, 0.00338]","[0.134816, 0.134078, 0.090157, 0.070748, 0.056924]",1092.29,1.47,7.53,1103.95,cdc32a4d,8744b7f3,030c9f04,2c93f763,69,0.001,,,,,,,
63.51,20.25,22.6,57,No,Moist,0.0001,0.0172,0.696,0.2569,1,ON,0.9704,0.65,"[-1.971273422241211, 1.517134666442871]","[0.029643861576914787, 0.9703561663627625]",TRUE,OFF,"[-0.959036, -0.791526, -0.631077, 0.514628, -0.003158]","[0.134816, 0.134078, 0.090157, 0.070748, 0.056924]",1091.84,1.46,7.57,1103.08,cdc32a4d,8744b7f3,030c9f04,2c93f763,69,0.001,,,,,,,
64.86,20.31,22.6,56.9,No,Moist,0,0.0116,0.6147,0.3181,1,ON,0.9211,0.65,"[-1.4686084985733032, 0.9892637133598328]","[0.07886477559804916, 0.9211351871490479]",TRUE,OFF,"[-0.957373, -0.805008, -0.619962, 0.498096, -0.007887]","[0.134816, 0.134078, 0.090157, 0.070748, 0.056924]",1092.49,1.47,7.49,1103.67,cdc32a4d,8744b7f3,030c9f04,2c93f763,69,0.001,,,,,,,
64.86,20.31,22.6,56.9,No,Moist,0,0.0116,0.6147,0.3181,1,ON,0.9211,0.65,"[-1.4686084985733032, 0.9892637133598328]","[0.07886477559804916, 0.9211351871490479]",TRUE,OFF,"[-0.957373, -0.805008, -0.619962, 0.498096, -0.007887]","[0.134816, 0.134078, 0.090157, 0.070748, 0.056924]",1092.49,1.46,7.46,1103.64,cdc32a4d,8744b7f3,030c9f04,2c93f763,69,0.001,,,,,,,
63.51,20.25,22.7,56.9,No,Moist,0.0001,0.0172,0.696,0.2569,1,ON,0.9704,0.65,"[-1.971273422241211, 1.517134666442871]","[0.029643861576914787, 0.9703561663627625]",TRUE,OFF,"[-0.949793, -0.790651, -0.63104, 0.514695, -0.006503]","[0.134816, 0.134078, 0.090157, 0.070748, 0.056924]",1092.47,1.48,7.59,1104.28,cdc32a4d,8744b7f3,030c9f04,2c93f763,69,0.001,,,,,,,
63.51,20.25,22.7,56.7,No,Moist,0.0001,0.0172,0.696,0.2569,1,ON,0.9777,0.65,"[-2.1373274326324463, 1.6453123092651367]","[0.022255923599004745, 0.9777440428733826]",TRUE,OFF,"[-0.949921, -0.790724, -0.630818, 0.514822, -0.013153]","[0.134816, 0.134078, 0.090157, 0.070748, 0.056924]",1091.27,1.48,7.6,1103.4,cdc32a4d,8744b7f3,030c9f04,2c93f763,69,0.001,,,,,,,
63.51,20.25,22.7,56.8,No,Moist,0.0001,0.0172,0.696,0.2569,1,ON,0.9704,0.65,"[-1.971273422241211, 1.517134666442871]","[0.029643861576914787, 0.9703561663627625]",TRUE,OFF,"[-0.949857, -0.790688, -0.63093, 0.514758, -0.009821]","[0.134816, 0.134078, 0.090157, 0.070748, 0.056924]",1091.92,1.47,7.45,1103.52,cdc32a4d,8744b7f3,030c9f04,2c93f763,69,0.001,,,,,,,
63.51,20.25,22.7,57,No,Moist,0.0001,0.0172,0.696,0.2569,1,ON,0.9704,0.65,"[-1.971273422241211, 1.517134666442871]","[0.029643861576914787, 0.9703561663627625]",TRUE,OFF,"[-0.94973, -0.790615, -0.63115, 0.514632, -0.003203]","[0.134816, 0.134078, 0.090157, 0.070748, 0.056924]",1091.89,1.48,7.49,1103.59,cdc32a4d,8744b7f3,030c9f04,2c93f763,69,0.001,,,,,,,
63.51,20.25,22.7,57.1,No,Moist,0.0001,0.0172,0.696,0.2569,1,ON,0.9704,0.65,"[-1.971273422241211, 1.517134666442871]","[0.029643861576914787, 0.9703561663627625]",TRUE,OFF,"[-0.949667, -0.79058, -0.631258, 0.514569, 7.7e-05]","[0.134816, 0.134078, 0.090157, 0.070748, 0.056924]",1091.9,1.48,7.53,1103.68,cdc32a4d,8744b7f3,030c9f04,2c93f763,69,0.001,,,,,,,
60.81,20.25,22.7,57.3,No,Moist,0.0002,0.0358,0.8447,0.1586,1,ON,0.9965,0.65,"[-3.040966749191284, 2.6004817485809326]","[0.0035351840779185295, 0.9964648485183716]",TRUE,OFF,"[-0.952681, -0.760161, -0.624065, 0.563917, 0.009021]","[0.134816, 0.134078, 0.090157, 0.070748, 0.056924]",1091.87,1.48,7.5,1103.35,cdc32a4d,8744b7f3,030c9f04,2c93f763,69,0.001,,,,,,,
58.11,20.25,22.7,57.6,No,Moist,0.0007,0.0693,0.9528,0.0911,1,ON,0.9985,0.65,"[-3.455179452896118, 3.030360460281372]","[0.0015230139251798391, 0.998477041721344]",TRUE,OFF,"[-0.957228, -0.710539, -0.585304, 0.635183, 0.021352]","[0.134816, 0.134078, 0.090157, 0.070748, 0.056924]",1094.81,1.46,7.61,1105.86,cdc32a4d,8744b7f3,030c9f04,2c93f763,69,0.001,,,,,,,
64.86,20.25,22.7,57.5,No,Moist,0,0.0116,0.6147,0.3181,1,ON,0.915,0.65,"[-1.4198983907699585, 0.9563115239143372]","[0.08500488102436066, 0.9149950742721558]",TRUE,OFF,"[-0.948386, -0.799253, -0.625687, 0.496058, 0.011843]","[0.134816, 0.134078, 0.090157, 0.070748, 0.056924]",1089.87,1.49,7.53,1101.28,cdc32a4d,8744b7f3,030c9f04,2c93f763,69,0.001,,,,,,,
64.86,20.19,22.8,57.6,No,Moist,0,0.0116,0.6147,0.3181,1,ON,0.915,0.65,"[-1.4198983907699585, 0.9563115239143372]","[0.08500488102436066, 0.9149950742721558]",TRUE,OFF,"[-0.940043, -0.793582, -0.630951, 0.494211, 0.015272]","[0.134816, 0.134078, 0.090157, 0.070748, 0.056924]",1092.28,1.51,7.48,1103.95,cdc32a4d,8744b7f3,030c9f04,2c93f763,69,0.001,,,,,,,
64.86,20.19,22.8,57.5,No,Moist,0,0.0116,0.6147,0.3181,1,ON,0.915,0.65,"[-1.4198983907699585, 0.9563115239143372]","[0.08500488102436066, 0.9149950742721558]",TRUE,OFF,"[-0.940103, -0.793616, -0.630848, 0.494271, 0.012131]","[0.134816, 0.134078, 0.090157, 0.070748, 0.056924]",1091.93,1.49,7.5,1103.2,cdc32a4d,8744b7f3,030c9f04,2c93f763,69,0.001,,,,,,,
63.51,20.19,22.8,57.6,No,Moist,0.0001,0.0172,0.696,0.2569,1,ON,0.9899,0.65,"[-2.5292088985443115, 2.05519700050354]","[0.010106626898050308, 0.98989337682724]",TRUE,OFF,"[-0.941101, -0.784515, -0.636954, 0.51214, 0.016374]","[0.134816, 0.134078, 0.090157, 0.070748, 0.056924]",3332.34,1.49,7.54,3343.78,cdc32a4d,8744b7f3,030c9f04,2c93f763,69,0.001,,,,,,,
67.57,20.19,22.8,57.6,No,Wet,0,0.005,0.454,0.4617,,,0.6148,0.65,"[0.07297348976135254, -0.3943728506565094]","[0.6147555112838745, 0.38524454832077026]",,SKIP_LOW_CONF,"[-0.938849, -0.801199, -0.606164, 0.466689, 0.013325]","[0.134816, 0.134078, 0.090157, 0.070748, 0.056924]",1092.25,1.54,7.49,1101.78,cdc32a4d,8744b7f3,030c9f04,2c93f763,69,0.001,,,,,,,
64.86,20.19,22.8,57.7,No,Moist,0,0.0116,0.6147,0.3181,1,ON,0.915,0.65,"[-1.4198983907699585, 0.9563115239143372]","[0.08500488102436066, 0.9149950742721558]",TRUE,OFF,"[-0.939983, -0.793549, -0.631052, 0.494152, 0.018378]","[0.134816, 0.134078, 0.090157, 0.070748, 0.056924]",1093.86,1.47,7.61,1105.28,cdc32a4d,8744b7f3,030c9f04,2c93f763,69,0.001,,,,,,,
64.86,20.19,22.7,57.7,No,Moist,0,0.0116,0.6147,0.3181,1,ON,0.915,0.65,"[-1.4198983907699585, 0.9563115239143372]","[0.08500488102436066, 0.9149950742721558]",TRUE,OFF,"[-0.94897, -0.794428, -0.630982, 0.494148, 0.018422]","[0.134816, 0.134078, 0.090157, 0.070748, 0.056924]",1092.22,1.48,7.49,1103.88,cdc32a4d,8744b7f3,030c9f04,2c93f763,69,0.001,,,,,,,
63.51,20.19,22.7,58.1,No,Moist,0.0001,0.0172,0.696,0.2569,1,ON,0.998,0.65,"[-3.2983131408691406, 2.926597833633423]","[0.0019755898974835873, 0.9980244636535645]",TRUE,OFF,"[-0.949798, -0.785231, -0.637373, 0.511846, 0.031534]","[0.134816, 0.134078, 0.090157, 0.070748, 0.056924]",1091.95,1.48,7.48,1103.59,cdc32a4d,8744b7f3,030c9f04,2c93f763,69,0.001,,,,,,,
67.57,20.19,22.7,58.3,No,Wet,0,0.005,0.454,0.4617,1,ON,0.8858,0.65,"[-1.1579387187957764, 0.8909626007080078]","[0.11416344344615936, 0.8858365416526794]",TRUE,OFF,"[-0.947435, -0.801853, -0.606767, 0.466286, 0.034204]","[0.134816, 0.134078, 0.090157, 0.070748, 0.056924]",1091.94,1.48,7.49,1103.49,cdc32a4d,8744b7f3,030c9f04,2c93f763,69,0.001,,,,,,,
63.51,20.19,22.7,58.4,No,Moist,0.0001,0.0172,0.696,0.2569,1,ON,0.998,0.65,"[-3.2983131408691406, 2.926597833633423]","[0.0019755898974835873, 0.9980244636535645]",TRUE,OFF,"[-0.949634, -0.78514, -0.637646, 0.511683, 0.040033]","[0.134816, 0.134078, 0.090157, 0.070748, 0.056924]",1092.2,1.49,7.55,1103.63,cdc32a4d,8744b7f3,030c9f04,2c93f763,69,0.001,,,,,,,
67.57,20.19,22.8,58.5,No,Wet,0,0.005,0.454,0.4617,1,ON,0.8858,0.65,"[-1.1579387187957764, 0.8909626007080078]","[0.11416344344615936, 0.8858365416526794]",TRUE,OFF,"[-0.938342, -0.800915, -0.607013, 0.466184, 0.039661]","[0.134816, 0.134078, 0.090157, 0.070748, 0.056924]",1092.07,1.5,7.58,1103.82,cdc32a4d,8744b7f3,030c9f04,2c93f763,69,0.001,,,,,,,
63.51,20.19,22.7,58.5,No,Moist,0.0001,0.0172,0.696,0.2569,1,ON,0.998,0.65,"[-3.2983131408691406, 2.926597833633423]","[0.0019755898974835873, 0.9980244636535645]",TRUE,OFF,"[-0.949582, -0.78511, -0.637733, 0.51163, 0.042755]","[0.134816, 0.134078, 0.090157, 0.070748, 0.056924]",1091.81,1.49,7.47,1103.46,cdc32a4d,8744b7f3,030c9f04,2c93f763,69,0.001,,,,,,,
63.51,20.19,22.7,58.7,No,Moist,0.0001,0.0172,0.696,0.2569,1,ON,0.998,0.65,"[-3.2983131408691406, 2.926597833633423]","[0.0019755898974835873, 0.9980244636535645]",TRUE,OFF,"[-0.94948, -0.785054, -0.6379, 0.511529, 0.048016]","[0.134816, 0.134078, 0.090157, 0.070748, 0.056924]",1091.98,1.46,7.52,1103.31,cdc32a4d,8744b7f3,030c9f04,2c93f763,69,0.001,,,,,,,
63.51,20.19,22.7,58.6,No,Moist,0.0001,0.0172,0.696,0.2569,1,ON,0.998,0.65,"[-3.2983131408691406, 2.926597833633423]","[0.0019755898974835873, 0.9980244636535645]",TRUE,OFF,"[-0.94953, -0.785082, -0.637817, 0.511579, 0.045417]","[0.134816, 0.134078, 0.090157, 0.070748, 0.056924]",1092.29,1.45,7.59,1103.72,cdc32a4d,8744b7f3,030c9f04,2c93f763,69,0.001,,,,,,,
63.51,20.19,22.7,58.6,No,Moist,0.0001,0.0172,0.696,0.2569,1,ON,0.998,0.65,"[-3.2983131408691406, 2.926597833633423]","[0.0019755898974835873, 0.9980244636535645]",TRUE,OFF,"[-0.94953, -0.785082, -0.637817, 0.511579, 0.045417]","[0.134816, 0.134078, 0.090157, 0.070748, 0.056924]",1092.3,1.46,7.57,1103.59,cdc32a4d,8744b7f3,030c9f04,2c93f763,69,0.001,,,,,,,
63.51,20.19,22.8,58.5,No,Moist,0.0001,0.0172,0.696,0.2569,1,ON,0.998,0.65,"[-3.2983131408691406, 2.926597833633423]","[0.0019755898974835873, 0.9980244636535645]",TRUE,OFF,"[-0.940594, -0.784231, -0.637803, 0.511634, 0.042711]","[0.134816, 0.134078, 0.090157, 0.070748, 0.056924]",3332.31,1.5,8.53,3344.33,cdc32a4d,8744b7f3,030c9f04,2c93f763,69,0.001,,,,,,,
63.51,20.19,22.8,58.4,No,Moist,0.0001,0.0172,0.696,0.2569,1,ON,0.998,0.65,"[-3.2983131408691406, 2.926597833633423]","[0.0019755898974835873, 0.9980244636535645]",TRUE,OFF,"[-0.940647, -0.78426, -0.637716, 0.511686, 0.039989]","[0.134816, 0.134078, 0.090157, 0.070748, 0.056924]",1091.49,1.49,7.46,1103.13,cdc32a4d,8744b7f3,030c9f04,2c93f763,69,0.001,,,,,,,
63.51,20.19,22.7,58.2,No,Moist,0.0001,0.0172,0.696,0.2569,1,ON,0.998,0.65,"[-3.2983131408691406, 2.926597833633423]","[0.0019755898974835873, 0.9980244636535645]",TRUE,OFF,"[-0.949742, -0.7852, -0.637466, 0.511791, 0.03442]","[0.134816, 0.134078, 0.090157, 0.070748, 0.056924]",1092.09,1.48,7.5,1103.41,cdc32a4d,8744b7f3,030c9f04,2c93f763,69,0.001,,,,,,,
63.51,20.12,22.8,57.9,No,Moist,0.0001,0.0172,0.696,0.2569,1,ON,0.9865,0.65,"[-2.363154888153076, 1.9270190000534058]","[0.013517319224774837, 0.9864826798439026]",TRUE,OFF,"[-0.941642, -0.779436, -0.64227, 0.509784, 0.0259]","[0.134816, 0.134078, 0.090157, 0.070748, 0.056924]",1092.2,1.49,7.47,1103.85,cdc32a4d,8744b7f3,030c9f04,2c93f763,69,0.001,,,,,,,
63.51,20.12,22.8,58,No,Moist,0.0001,0.0172,0.696,0.2569,1,ON,0.998,0.65,"[-3.2983131408691406, 2.926597833633423]","[0.0019755898974835873, 0.9980244636535645]",TRUE,OFF,"[-0.941585, -0.779404, -0.642367, 0.509727, 0.028882]","[0.134816, 0.134078, 0.090157, 0.070748, 0.056924]",1092,1.47,7.58,1103.33,cdc32a4d,8744b7f3,030c9f04,2c93f763,69,0.001,,,,,,,
63.51,20.12,22.7,58,No,Moist,0.0001,0.0172,0.696,0.2569,1,ON,0.998,0.65,"[-3.2983131408691406, 2.926597833633423]","[0.0019755898974835873, 0.9980244636535645]",TRUE,OFF,"[-0.950572, -0.780284, -0.642297, 0.509723, 0.028926]","[0.134816, 0.134078, 0.090157, 0.070748, 0.056924]",1092.25,1.48,7.56,1103.97,cdc32a4d,8744b7f3,030c9f04,2c93f763,69,0.001,,,,,,,
63.51,20.12,22.7,58.1,No,Moist,0.0001,0.0172,0.696,0.2569,1,ON,0.998,0.65,"[-3.2983131408691406, 2.926597833633423]","[0.0019755898974835873, 0.9980244636535645]",TRUE,OFF,"[-0.950516, -0.780252, -0.642391, 0.509667, 0.031861]","[0.134816, 0.134078, 0.090157, 0.070748, 0.056924]",3332.04,1.5,7.58,3343.36,cdc32a4d,8744b7f3,030c9f04,2c93f763,69,0.001,,,,,,,
63.51,20.12,22.7,58,No,Moist,0.0001,0.0172,0.696,0.2569,1,ON,0.998,0.65,"[-3.2983131408691406, 2.926597833633423]","[0.0019755898974835873, 0.9980244636535645]",TRUE,OFF,"[-0.950572, -0.780284, -0.642297, 0.509723, 0.028926]","[0.134816, 0.134078, 0.090157, 0.070748, 0.056924]",1092.2,1.48,7.49,1103.85,cdc32a4d,8744b7f3,030c9f04,2c93f763,69,0.001,,,,,,,
63.51,20.12,22.7,58.1,No,Moist,0.0001,0.0172,0.696,0.2569,1,ON,0.998,0.65,"[-3.2983131408691406, 2.926597833633423]","[0.0019755898974835873, 0.9980244636535645]",TRUE,OFF,"[-0.950516, -0.780252, -0.642391, 0.509667, 0.031861]","[0.134816, 0.134078, 0.090157, 0.070748, 0.056924]",1092.83,1.58,8.2,1105.11,cdc32a4d,8744b7f3,030c9f04,2c93f763,69,0.001,,,,,,,
63.51,20.12,22.8,58.2,No,Moist,0.0001,0.0172,0.696,0.2569,1,ON,0.998,0.65,"[-3.2983131408691406, 2.926597833633423]","[0.0019755898974835873, 0.9980244636535645]",TRUE,OFF,"[-0.941473, -0.779341, -0.642554, 0.509615, 0.034703]","[0.134816, 0.134078, 0.090157, 0.070748, 0.056924]",1090.42,1.47,7.49,1102.05,cdc32a4d,8744b7f3,030c9f04,2c93f763,69,0.001,,,,,,,
63.51,20.12,22.7,58.2,No,Moist,0.0001,0.0172,0.696,0.2569,1,ON,0.998,0.65,"[-3.2983131408691406, 2.926597833633423]","[0.0019755898974835873, 0.9980244636535645]",TRUE,OFF,"[-0.95046, -0.780221, -0.642484, 0.509611, 0.034747]","[0.134816, 0.134078, 0.090157, 0.070748, 0.056924]",1092.05,1.48,7.56,1103.37,cdc32a4d,8744b7f3,030c9f04,2c93f763,69,0.001,,,,,,,
63.51,20.12,22.8,58,No,Moist,0.0001,0.0172,0.696,0.2569,1,ON,0.998,0.65,"[-3.2983131408691406, 2.926597833633423]","[0.0019755898974835873, 0.9980244636535645]",TRUE,OFF,"[-0.941585, -0.779404, -0.642367, 0.509727, 0.028882]","[0.134816, 0.134078, 0.090157, 0.070748, 0.056924]",1092.31,1.49,7.51,1103.77,cdc32a4d,8744b7f3,030c9f04,2c93f763,69,0.001,,,,,,,
63.51,20.12,22.8,58,No,Moist,0.0001,0.0172,0.696,0.2569,1,ON,0.998,0.65,"[-3.2983131408691406, 2.926597833633423]","[0.0019755898974835873, 0.9980244636535645]",TRUE,OFF,"[-0.941585, -0.779404, -0.642367, 0.509727, 0.028882]","[0.134816, 0.134078, 0.090157, 0.070748, 0.056924]",1092.16,1.49,7.53,1103.76,cdc32a4d,8744b7f3,030c9f04,2c93f763,69,0.001,,,,,,,
63.51,20.12,22.8,57.9,No,Moist,0.0001,0.0172,0.696,0.2569,1,ON,0.9865,0.65,"[-2.363154888153076, 1.9270190000534058]","[0.013517319224774837, 0.9864826798439026]",TRUE,OFF,"[-0.941642, -0.779436, -0.64227, 0.509784, 0.0259]","[0.134816, 0.134078, 0.090157, 0.070748, 0.056924]",1092.05,1.5,7.54,1103.54,cdc32a4d,8744b7f3,030c9f04,2c93f763,69,0.001,,,,,,,
63.51,20.12,22.8,57.7,No,Moist,0.0001,0.0172,0.696,0.2569,1,ON,0.9899,0.65,"[-2.5292088985443115, 2.055196523666382]","[0.010106631554663181, 0.98989337682724]",TRUE,OFF,"[-0.941759, -0.779502, -0.642073, 0.509901, 0.019807]","[0.134816, 0.134078, 0.090157, 0.070748, 0.056924]",1092.08,1.45,7.62,1103.38,cdc32a4d,8744b7f3,030c9f04,2c93f763,69,0.001,,,,,,,
63.51,20.12,22.8,57.9,No,Moist,0.0001,0.0172,0.696,0.2569,1,ON,0.9865,0.65,"[-2.363154888153076, 1.9270190000534058]","[0.013517319224774837, 0.9864826798439026]",TRUE,OFF,"[-0.941642, -0.779436, -0.64227, 0.509784, 0.0259]","[0.134816, 0.134078, 0.090157, 0.070748, 0.056924]",1092.23,1.49,7.56,1103.93,cdc32a4d,8744b7f3,030c9f04,2c93f763,69,0.001,,,,,,,
63.51,20.12,22.8,57.6,No,Moist,0.0001,0.0172,0.696,0.2569,1,ON,0.9899,0.65,"[-2.5292088985443115, 2.05519700050354]","[0.010106626898050308, 0.98989337682724]",TRUE,OFF,"[-0.941819, -0.779536, -0.641972, 0.50996, 0.016701]","[0.134816, 0.134078, 0.090157, 0.070748, 0.056924]",3332.03,1.47,16.42,3352.76,cdc32a4d,8744b7f3,030c9f04,2c93f763,69,0.001,,,,,,,
63.51,20.06,22.8,57.6,No,Moist,0.0001,0.0172,0.696,0.2569,1,ON,0.9899,0.65,"[-2.5292088985443115, 2.05519700050354]","[0.010106626898050308, 0.98989337682724]",TRUE,OFF,"[-0.942549, -0.774428, -0.647069, 0.507659, 0.017035]","[0.134816, 0.134078, 0.090157, 0.070748, 0.056924]",1083.05,1.46,14.85,1101.36,cdc32a4d,8744b7f3,030c9f04,2c93f763,69,0.001,,,,,,,
63.51,20.06,22.8,57.7,No,Moist,0.0001,0.0172,0.696,0.2569,1,ON,0.9899,0.65,"[-2.5292088985443115, 2.055196523666382]","[0.010106631554663181, 0.98989337682724]",TRUE,OFF,"[-0.942489, -0.774395, -0.64717, 0.507599, 0.02014]","[0.134816, 0.134078, 0.090157, 0.070748, 0.056924]",1079.14,1.45,11.18,1094.24,cdc32a4d,8744b7f3,030c9f04,2c93f763,69,0.001,,,,,,,
63.51,20.12,22.8,57.7,No,Moist,0.0001,0.0172,0.696,0.2569,1,ON,0.9899,0.65,"[-2.5292088985443115, 2.055196523666382]","[0.010106631554663181, 0.98989337682724]",TRUE,OFF,"[-0.941759, -0.779502, -0.642073, 0.509901, 0.019807]","[0.134816, 0.134078, 0.090157, 0.070748, 0.056924]",1089.27,1.65,7.71,1102.12,cdc32a4d,8744b7f3,030c9f04,2c93f763,69,0.001,,,,,,,
63.51,20.12,22.8,57.6,No,Moist,0.0001,0.0172,0.696,0.2569,1,ON,0.9899,0.65,"[-2.5292088985443115, 2.05519700050354]","[0.010106626898050308, 0.98989337682724]",TRUE,OFF,"[-0.941819, -0.779536, -0.641972, 0.50996, 0.016701]","[0.134816, 0.134078, 0.090157, 0.070748, 0.056924]",1090.52,1.48,7.46,1101.82,cdc32a4d,8744b7f3,030c9f04,2c93f763,69,0.001,,,,,,,
79.73,20.06,22.8,57.6,No,Wet,0,0,0.047,0.9996,0,OFF,0.6879,0.65,"[0.2591278851032257, -0.5312075614929199]","[0.6879033446311951, 0.31209665536880493]",TRUE,OFF,"[-0.950463, -0.667574, -0.420357, 0.428844, 0.012726]","[0.134816, 0.134078, 0.090157, 0.070748, 0.056924]",3332.21,1.49,7.54,3343.9,cdc32a4d,8744b7f3,030c9f04,2c93f763,69,0.001,,,,,,,
59.46,20.12,22.8,57.7,No,Moist,0.0004,0.0502,0.9053,0.1213,1,ON,0.9958,0.65,"[-2.9671313762664795, 2.499903440475464]","[0.004205972887575626, 0.9957940578460693]",TRUE,OFF,"[-0.947196, -0.725456, -0.619336, 0.590456, 0.023609]","[0.134816, 0.134078, 0.090157, 0.070748, 0.056924]",1091.92,1.48,7.49,1103.54,cdc32a4d,8744b7f3,030c9f04,2c93f763,69,0.001,,,,,,,
60.81,20.06,22.8,57.7,No,Moist,0.0002,0.0358,0.8447,0.1586,1,ON,0.9954,0.65,"[-2.918609380722046, 2.458153247833252]","[0.0046014925464987755, 0.9953984618186951]",TRUE,OFF,"[-0.945769, -0.742598, -0.639813, 0.555281, 0.022583]","[0.134816, 0.134078, 0.090157, 0.070748, 0.056924]",1092.08,1.48,7.51,1103.41,cdc32a4d,8744b7f3,030c9f04,2c93f763,69,0.001,,,,,,,
64.86,20.12,22.8,57.7,No,Moist,0,0.0116,0.6147,0.3181,1,ON,0.8891,0.65,"[-1.2538443803787231, 0.8281336426734924]","[0.11086083203554153, 0.8891391158103943]",TRUE,OFF,"[-0.940676, -0.788819, -0.636061, 0.492301, 0.018707]","[0.134816, 0.134078, 0.090157, 0.070748, 0.056924]",1092.19,1.48,7.49,1103.82,cdc32a4d,8744b7f3,030c9f04,2c93f763,69,0.001,,,,,,,
64.86,20.06,22.8,57.8,No,Moist,0,0.0116,0.6147,0.3181,1,ON,0.8891,0.65,"[-1.2538442611694336, 0.8281336426734924]","[0.11086085438728333, 0.8891391158103943]",TRUE,OFF,"[-0.941322, -0.783931, -0.641247, 0.490271, 0.022109]","[0.134816, 0.134078, 0.090157, 0.070748, 0.056924]",1092.16,1.51,7.5,1103.7,cdc32a4d,8744b7f3,030c9f04,2c93f763,69,0.001,,,,,,,
64.86,20.06,22.8,57.8,No,Moist,0,0.0116,0.6147,0.3181,1,ON,0.8891,0.65,"[-1.2538442611694336, 0.8281336426734924]","[0.11086085438728333, 0.8891391158103943]",TRUE,OFF,"[-0.941322, -0.783931, -0.641247, 0.490271, 0.022109]","[0.134816, 0.134078, 0.090157, 0.070748, 0.056924]",1091.85,1.45,11.19,1106.72,cdc32a4d,8744b7f3,030c9f04,2c93f763,69,0.001,,,,,,,
64.86,20.06,22.8,57.7,No,Moist,0,0.0116,0.6147,0.3181,1,ON,0.8891,0.65,"[-1.2538443803787231, 0.8281336426734924]","[0.11086083203554153, 0.8891391158103943]",TRUE,OFF,"[-0.941381, -0.783964, -0.641148, 0.49033, 0.019042]","[0.134816, 0.134078, 0.090157, 0.070748, 0.056924]",1089.1,1.48,7.51,1100.31,cdc32a4d,8744b7f3,030c9f04,2c93f763,69,0.001,,,,,,,
64.86,20.06,22.8,57.6,No,Moist,0,0.0116,0.6147,0.3181,1,ON,0.915,0.65,"[-1.4198983907699585, 0.9563115239143372]","[0.08500488102436066, 0.9149950742721558]",TRUE,OFF,"[-0.941441, -0.783998, -0.641047, 0.49039, 0.015937]","[0.134816, 0.134078, 0.090157, 0.070748, 0.056924]",1092.39,1.47,7.51,1103.98,cdc32a4d,8744b7f3,030c9f04,2c93f763,69,0.001,,,,,,,
64.86,20.06,22.8,57.7,No,Moist,0,0.0116,0.6147,0.3181,1,ON,0.8891,0.65,"[-1.2538443803787231, 0.8281336426734924]","[0.11086083203554153, 0.8891391158103943]",TRUE,OFF,"[-0.941381, -0.783964, -0.641148, 0.49033, 0.019042]","[0.134816, 0.134078, 0.090157, 0.070748, 0.056924]",1091.77,1.45,7.61,1103.11,cdc32a4d,8744b7f3,030c9f04,2c93f763,69,0.001,,,,,,,
64.86,20.06,22.8,57.9,No,Moist,0,0.0116,0.6147,0.3181,1,ON,0.9823,0.65,"[-2.189002275466919, 1.8277130126953125]","[0.01769334264099598, 0.9823066592216492]",TRUE,OFF,"[-0.941264, -0.783899, -0.641345, 0.490213, 0.025135]","[0.134816, 0.134078, 0.090157, 0.070748, 0.056924]",1092.24,1.46,7.59,1103.6,cdc32a4d,8744b7f3,030c9f04,2c93f763,69,0.001,,,,,,,
64.86,20.06,22.8,57.8,No,Moist,0,0.0116,0.6147,0.3181,1,ON,0.8891,0.65,"[-1.2538442611694336, 0.8281336426734924]","[0.11086085438728333, 0.8891391158103943]",TRUE,OFF,"[-0.941322, -0.783931, -0.641247, 0.490271, 0.022109]","[0.134816, 0.134078, 0.090157, 0.070748, 0.056924]",1092.55,1.45,7.5,1103.74,cdc32a4d,8744b7f3,030c9f04,2c93f763,69,0.001,,,,,,,
64.86,20.06,22.8,57.7,No,Moist,0,0.0116,0.6147,0.3181,1,ON,0.8891,0.65,"[-1.2538443803787231, 0.8281336426734924]","[0.11086083203554153, 0.8891391158103943]",TRUE,OFF,"[-0.941381, -0.783964, -0.641148, 0.49033, 0.019042]","[0.134816, 0.134078, 0.090157, 0.070748, 0.056924]",1092.42,1.62,7.66,1104.31,cdc32a4d,8744b7f3,030c9f04,2c93f763,69,0.001,,,,,,,
64.86,20.06,22.8,57.7,No,Moist,0,0.0116,0.6147,0.3181,1,ON,0.8891,0.65,"[-1.2538443803787231, 0.8281336426734924]","[0.11086083203554153, 0.8891391158103943]",TRUE,OFF,"[-0.941381, -0.783964, -0.641148, 0.49033, 0.019042]","[0.134816, 0.134078, 0.090157, 0.070748, 0.056924]",1091.51,1.48,7.48,1102.85,cdc32a4d,8744b7f3,030c9f04,2c93f763,69,0.001,,,,,,,
64.86,20.06,22.8,57.9,No,Moist,0,0.0116,0.6147,0.3181,1,ON,0.9823,0.65,"[-2.189002275466919, 1.8277130126953125]","[0.01769334264099598, 0.9823066592216492]",TRUE,OFF,"[-0.941264, -0.783899, -0.641345, 0.490213, 0.025135]","[0.134816, 0.134078, 0.090157, 0.070748, 0.056924]",1092.24,1.49,7.48,1103.9,cdc32a4d,8744b7f3,030c9f04,2c93f763,69,0.001,,,,,,,
58.11,20.06,22.8,57.8,No,Moist,0.0007,0.0693,0.9528,0.0911,1,ON,0.998,0.65,"[-3.332822561264038, 2.8880321979522705]","[0.001983602996915579, 0.998016357421875]",TRUE,OFF,"[-0.95057, -0.691733, -0.600882, 0.625209, 0.02845]","[0.134816, 0.134078, 0.090157, 0.070748, 0.056924]",1092.02,1.48,7.57,1103.39,cdc32a4d,8744b7f3,030c9f04,2c93f763,69,0.001,,,,,,,
